-- ============================================================
-- UrbanSoul — Seed Data
-- PostgreSQL 15+
-- ============================================================

BEGIN;

TRUNCATE order_items, orders, interactions, user_sessions, users, products, brands, categories RESTART IDENTITY CASCADE;

-- ============================================================
-- 1. CATEGORIES
-- ============================================================
INSERT INTO categories (id, parent_id, name, slug, full_code, level) VALUES
  (1, NULL, 'Apparel', 'apparel', 'apparel', 0),
  (2, 1, 'Hoodies', 'hoodies', 'apparel.hoodies', 1),
  (3, 1, 'Tops', 'tops', 'apparel.tops', 1),
  (4, 1, 'Pants', 'pants', 'apparel.pants', 1),
  (5, NULL, 'Footwear', 'footwear', 'footwear', 0),
  (6, 5, 'Sneakers', 'sneakers', 'footwear.sneakers', 1),
  (7, 5, 'Boots', 'boots', 'footwear.boots', 1),
  (8, NULL, 'Accessories', 'accessories', 'accessories', 0),
  (9, 8, 'Caps', 'caps', 'accessories.caps', 1),
  (10, 8, 'Bags', 'bags', 'accessories.bags', 1),
  (11, NULL, 'Sport', 'sport', 'sport', 0),
  (12, 11, 'Trainer', 'trainer', 'sport.trainer', 1);

-- ============================================================
-- 2. BRANDS
-- ============================================================
INSERT INTO brands (id, name, slug, logo_url) VALUES
  (1, 'UrbanSoul', 'urbansoul', NULL),
  (2, 'Nike SB', 'nike-sb', NULL),
  (3, 'Adidas Originals', 'adidas-originals', NULL),
  (4, 'Carhartt WIP', 'carhartt-wip', NULL),
  (5, 'Stüssy', 'stussy', NULL),
  (6, 'Palace', 'palace', NULL),
  (7, 'The North Face', 'the-north-face', NULL),
  (8, 'Vans', 'vans', NULL),
  (9, 'New Balance', 'new-balance', NULL),
  (10, 'Dickies', 'dickies', NULL);

-- ============================================================
-- 3. PRODUCTS
-- ============================================================
INSERT INTO products (id, name, description, sku, category_id, brand_id, category_code, price, compare_at_price, stock_quantity, image_url) VALUES
  (1, 'Box Fit Logo Hoodie', 'Diseño streetwear inspirado en la cultura urbana, materiales duraderos.', 'HD-URB-001', 2, 1, 'apparel.hoodies', 170.99, NULL, 46, 'https://images.unsplash.com/photo-1487222477894-8943e31ef7b2?w=600'),
  (2, 'Essential Tee White', 'Acabado premium con costuras reforzadas y ajuste moderno.', 'TP-NKSB-002', 3, 2, 'apparel.tops', 79.00, NULL, 17, 'https://images.unsplash.com/photo-1542291026-7eec264c27ff?w=600'),
  (3, 'Cargo Pants Black', 'Silueta oversized con detalles en logo bordado.', 'PT-ADO-003', 4, 3, 'apparel.pants', 192.00, 229.94, 47, 'https://images.unsplash.com/photo-1556905055-8f358a7a47b2?w=600'),
  (4, 'Air Max 90 Premium', 'Diseño streetwear inspirado en la cultura urbana, materiales duraderos.', 'SN-CWIP-004', 6, 4, 'footwear.sneakers', 122.99, 155.97, 23, 'https://images.unsplash.com/photo-1556905055-8f358a7a47b2?w=600'),
  (5, 'Combat Boot Black', 'Silueta oversized con detalles en logo bordado.', 'BT-STU-005', 7, 5, 'footwear.boots', 81.00, 95.83, 26, 'https://images.unsplash.com/photo-1523381210434-271e8be1f52b?w=600'),
  (6, '5-Panel Cap Olive', 'Confeccionado con materiales de alta calidad para máxima durabilidad.', 'CP-PAL-006', 9, 6, 'accessories.caps', 73.00, NULL, 49, 'https://images.unsplash.com/photo-1503341504253-dff4815485f1?w=600'),
  (7, 'Crossbody Bag Nylon', 'Corte relajado con tejido premium, ideal para uso diario en la ciudad.', 'BG-TNF-007', 10, 7, 'accessories.bags', 78.00, NULL, 14, 'https://images.unsplash.com/photo-1487222477894-8943e31ef7b2?w=600'),
  (8, 'Coach Jacket Navy', 'Pieza esencial del armario urbano, combina comodidad y estilo.', 'TR-VNS-008', 12, 8, 'sport.trainer', 196.99, NULL, 15, 'https://images.unsplash.com/photo-1622519407650-3df9883f76a5?w=600'),
  (9, 'Pullover Hoodie Grey', 'Corte relajado con tejido premium, ideal para uso diario en la ciudad.', 'HD-NB-009', 2, 9, 'apparel.hoodies', 91.99, NULL, 14, 'https://images.unsplash.com/photo-1520639888713-7851133b1ed0?w=600'),
  (10, 'Longsleeve Tee Black', 'Pieza esencial del armario urbano, combina comodidad y estilo.', 'TP-DICK-010', 3, 10, 'apparel.tops', 50.99, NULL, 1, 'https://images.unsplash.com/photo-1544441893-675973e31985?w=600'),
  (11, 'Relaxed Fit Chino Khaki', 'Silueta oversized con detalles en logo bordado.', 'PT-URB-011', 4, 1, 'apparel.pants', 162.99, NULL, 0, 'https://images.unsplash.com/photo-1571945153237-4929e783af4a?w=600'),
  (12, 'Old Skool Pro Sneaker', 'Silueta oversized con detalles en logo bordado.', 'SN-NKSB-012', 6, 2, 'footwear.sneakers', 57.95, NULL, 39, 'https://images.unsplash.com/photo-1556905055-8f358a7a47b2?w=600'),
  (13, 'Chukka Boot Suede', 'Pieza esencial del armario urbano, combina comodidad y estilo.', 'BT-ADO-013', 7, 3, 'footwear.boots', 94.00, NULL, 46, 'https://images.unsplash.com/photo-1595950653106-6c9ebd614d3a?w=600'),
  (14, 'Trucker Cap Mesh', 'Corte relajado con tejido premium, ideal para uso diario en la ciudad.', 'CP-CWIP-014', 9, 4, 'accessories.caps', 157.00, 219.18, 12, 'https://images.unsplash.com/photo-1556905055-8f358a7a47b2?w=600'),
  (15, 'Tote Bag Canvas', 'Diseño streetwear inspirado en la cultura urbana, materiales duraderos.', 'BG-STU-015', 10, 5, 'accessories.bags', 175.95, 236.86, 0, 'https://images.unsplash.com/photo-1556905055-8f358a7a47b2?w=600'),
  (16, 'Windbreaker Jacket Black', 'Confeccionado con materiales de alta calidad para máxima durabilidad.', 'TR-PAL-016', 12, 6, 'sport.trainer', 220.95, 279.89, 16, 'https://images.unsplash.com/photo-1487222477894-8943e31ef7b2?w=600'),
  (17, 'Zip-Up Hoodie Black', 'Pieza esencial del armario urbano, combina comodidad y estilo.', 'HD-TNF-017', 2, 7, 'apparel.hoodies', 169.95, NULL, 3, 'https://images.unsplash.com/photo-1445205170230-053b83016050?w=600'),
  (18, 'Graphic Tee Vintage', 'Acabado premium con costuras reforzadas y ajuste moderno.', 'TP-VNS-018', 3, 8, 'apparel.tops', 108.00, 143.89, 29, 'https://images.unsplash.com/photo-1487222477894-8943e31ef7b2?w=600'),
  (19, 'Track Pants Grey', 'Silueta oversized con detalles en logo bordado.', 'PT-NB-019', 4, 9, 'apparel.pants', 236.00, NULL, 25, 'https://images.unsplash.com/photo-1556905055-8f358a7a47b2?w=600'),
  (20, '574 Core Sneaker', 'Diseño streetwear inspirado en la cultura urbana, materiales duraderos.', 'SN-DICK-020', 6, 10, 'footwear.sneakers', 169.00, NULL, 48, 'https://images.unsplash.com/photo-1490114538077-0a7f8cb49889?w=600'),
  (21, 'Work Boot Waterproof', 'Diseño streetwear inspirado en la cultura urbana, materiales duraderos.', 'BT-URB-021', 7, 1, 'footwear.boots', 131.95, NULL, 26, 'https://images.unsplash.com/photo-1503341504253-dff4815485f1?w=600'),
  (22, 'Beanie Ribbed Black', 'Corte relajado con tejido premium, ideal para uso diario en la ciudad.', 'CP-NKSB-022', 9, 2, 'accessories.caps', 180.99, 212.52, 44, 'https://images.unsplash.com/photo-1490114538077-0a7f8cb49889?w=600'),
  (23, 'Sling Bag Black', 'Corte relajado con tejido premium, ideal para uso diario en la ciudad.', 'BG-ADO-023', 10, 3, 'accessories.bags', 207.95, NULL, 42, 'https://images.unsplash.com/photo-1487222477894-8943e31ef7b2?w=600'),
  (24, 'Training Shorts Grey', 'Diseño streetwear inspirado en la cultura urbana, materiales duraderos.', 'TR-CWIP-024', 12, 4, 'sport.trainer', 76.00, NULL, 35, 'https://images.unsplash.com/photo-1520639888713-7851133b1ed0?w=600'),
  (25, 'Embroidered Hoodie Cream', 'Diseño streetwear inspirado en la cultura urbana, materiales duraderos.', 'HD-STU-025', 2, 5, 'apparel.hoodies', 174.95, NULL, 36, 'https://images.unsplash.com/photo-1571945153237-4929e783af4a?w=600'),
  (26, 'Pocket Tee Stone', 'Silueta oversized con detalles en logo bordado.', 'TP-PAL-026', 3, 6, 'apparel.tops', 88.99, NULL, 42, 'https://images.unsplash.com/photo-1503341504253-dff4815485f1?w=600'),
  (27, 'Denim Baggy Jeans', 'Silueta oversized con detalles en logo bordado.', 'PT-TNF-027', 4, 7, 'apparel.pants', 87.00, NULL, 43, 'https://images.unsplash.com/photo-1622519407650-3df9883f76a5?w=600'),
  (28, 'SB Dunk Low Pro', 'Silueta oversized con detalles en logo bordado.', 'SN-VNS-028', 6, 8, 'footwear.sneakers', 117.99, NULL, 30, 'https://images.unsplash.com/photo-1516762689617-e1cffcef479d?w=600'),
  (29, 'Desert Boot Sand', 'Diseño streetwear inspirado en la cultura urbana, materiales duraderos.', 'BT-NB-029', 7, 9, 'footwear.boots', 138.99, NULL, 10, 'https://images.unsplash.com/photo-1542291026-7eec264c27ff?w=600'),
  (30, 'Bucket Hat Corduroy', 'Silueta oversized con detalles en logo bordado.', 'CP-DICK-030', 9, 10, 'accessories.caps', 168.00, NULL, 18, 'https://images.unsplash.com/photo-1622519407650-3df9883f76a5?w=600'),
  (31, 'Backpack Utility Grey', 'Confeccionado con materiales de alta calidad para máxima durabilidad.', 'BG-URB-031', 10, 1, 'accessories.bags', 43.95, NULL, 15, 'https://images.unsplash.com/photo-1595950653106-6c9ebd614d3a?w=600'),
  (32, 'Performance Tee Dry-Fit', 'Acabado premium con costuras reforzadas y ajuste moderno.', 'TR-NKSB-032', 12, 2, 'sport.trainer', 146.00, 192.48, 0, 'https://images.unsplash.com/photo-1523381210434-271e8be1f52b?w=600'),
  (33, 'Oversized Hoodie Washed Black', 'Pieza esencial del armario urbano, combina comodidad y estilo.', 'HD-ADO-033', 2, 3, 'apparel.hoodies', 188.00, 236.11, 25, 'https://images.unsplash.com/photo-1503341504253-dff4815485f1?w=600'),
  (34, 'Ringer Tee Navy', 'Pieza esencial del armario urbano, combina comodidad y estilo.', 'TP-CWIP-034', 3, 4, 'apparel.tops', 199.95, NULL, 1, 'https://images.unsplash.com/photo-1542291026-7eec264c27ff?w=600'),
  (35, 'Nylon Cargo Pants Olive', 'Acabado premium con costuras reforzadas y ajuste moderno.', 'PT-STU-035', 4, 5, 'apparel.pants', 125.95, 147.94, 39, 'https://images.unsplash.com/photo-1523381210434-271e8be1f52b?w=600'),
  (36, 'Superstar Sneaker White', 'Diseño streetwear inspirado en la cultura urbana, materiales duraderos.', 'SN-PAL-036', 6, 6, 'footwear.sneakers', 222.95, NULL, 48, 'https://images.unsplash.com/photo-1591047139829-d91aecb6caea?w=600'),
  (37, 'Combat Boot Black II', 'Acabado premium con costuras reforzadas y ajuste moderno.', 'BT-TNF-037', 7, 7, 'footwear.boots', 141.99, NULL, 4, 'https://images.unsplash.com/photo-1552346154-21d32810aba3?w=600'),
  (38, 'Snapback Cap Navy', 'Pieza esencial del armario urbano, combina comodidad y estilo.', 'CP-VNS-038', 9, 8, 'accessories.caps', 141.99, NULL, 30, 'https://images.unsplash.com/photo-1516762689617-e1cffcef479d?w=600'),
  (39, 'Crossbody Bag Nylon II', 'Corte relajado con tejido premium, ideal para uso diario en la ciudad.', 'BG-NB-039', 10, 9, 'accessories.bags', 197.00, NULL, 2, 'https://images.unsplash.com/photo-1591047139829-d91aecb6caea?w=600'),
  (40, 'Coach Jacket Navy II', 'Corte relajado con tejido premium, ideal para uso diario en la ciudad.', 'TR-DICK-040', 12, 10, 'sport.trainer', 161.95, NULL, 14, 'https://images.unsplash.com/photo-1523381210434-271e8be1f52b?w=600'),
  (41, 'Heavyweight Hoodie Olive', 'Corte relajado con tejido premium, ideal para uso diario en la ciudad.', 'HD-URB-041', 2, 1, 'apparel.hoodies', 234.95, 303.73, 1, 'https://images.unsplash.com/photo-1490114538077-0a7f8cb49889?w=600'),
  (42, 'Boxy Tee Off-White', 'Corte relajado con tejido premium, ideal para uso diario en la ciudad.', 'TP-NKSB-042', 3, 2, 'apparel.tops', 82.00, NULL, 25, 'https://images.unsplash.com/photo-1556905055-8f358a7a47b2?w=600'),
  (43, 'Sweatpants Charcoal', 'Diseño streetwear inspirado en la cultura urbana, materiales duraderos.', 'PT-ADO-043', 4, 3, 'apparel.pants', 191.99, NULL, 14, 'https://images.unsplash.com/photo-1503341504253-dff4815485f1?w=600'),
  (44, 'Gel Runner Sneaker', 'Diseño streetwear inspirado en la cultura urbana, materiales duraderos.', 'SN-CWIP-044', 6, 4, 'footwear.sneakers', 58.95, NULL, 46, 'https://images.unsplash.com/photo-1503341504253-dff4815485f1?w=600'),
  (45, 'Chukka Boot Suede III', 'Diseño streetwear inspirado en la cultura urbana, materiales duraderos.', 'BT-STU-045', 7, 5, 'footwear.boots', 88.00, 110.68, 49, 'https://images.unsplash.com/photo-1622519407650-3df9883f76a5?w=600'),
  (46, '5-Panel Cap Olive II', 'Acabado premium con costuras reforzadas y ajuste moderno.', 'CP-PAL-046', 9, 6, 'accessories.caps', 234.00, 323.83, 35, 'https://images.unsplash.com/photo-1478186804220-be5b25b0bb5f?w=600'),
  (47, 'Tote Bag Canvas III', 'Confeccionado con materiales de alta calidad para máxima durabilidad.', 'BG-TNF-047', 10, 7, 'accessories.bags', 98.00, NULL, 23, 'https://images.unsplash.com/photo-1544441893-675973e31985?w=600'),
  (48, 'Windbreaker Jacket Black III', 'Diseño streetwear inspirado en la cultura urbana, materiales duraderos.', 'TR-VNS-048', 12, 8, 'sport.trainer', 227.95, NULL, 47, 'https://images.unsplash.com/photo-1542291026-7eec264c27ff?w=600'),
  (49, 'Box Fit Logo Hoodie II', 'Silueta oversized con detalles en logo bordado.', 'HD-NB-049', 2, 9, 'apparel.hoodies', 79.95, NULL, 30, 'https://images.unsplash.com/photo-1523381210434-271e8be1f52b?w=600'),
  (50, 'Essential Tee White II', 'Corte relajado con tejido premium, ideal para uso diario en la ciudad.', 'TP-DICK-050', 3, 10, 'apparel.tops', 151.00, 204.13, 21, 'https://images.unsplash.com/photo-1490114538077-0a7f8cb49889?w=600');

-- ============================================================
-- 4. USERS
-- ============================================================
INSERT INTO users (id, email, password_hash, first_name, last_name, phone) VALUES
  (1, 'jhon.alvarado@email.com', '$2a$10$8HRApLdKOi7B5s5WznvSfeyS4SS4VavCW9XsmdEWR.0j8fcDWuXdO', 'Jhon', 'Alvarado', '+51924577291'),
  (2, 'estrella.sanchez@email.com', '$2a$10$.S3tYNiZBHnK0ne9aNGQ4eB7stHfQhVQIpvpUqYVqvNPcXS31eTE.', 'Estrella', 'Sanchez', '+51994515165'),
  (3, 'anthony.palomino@email.com', '$2a$10$XFIC4Mo1DO0h/X13D2TIKe6kwluEV/ynzm3zF7iVA5S8qrUcVtaIW', 'Anthony', 'Palomino', '+51946687410'),
  (4, 'juan.lloclla@email.com', '$2a$10$DIwaNDNm.LgzRZK5ecaAxeNaQEoMZZpTrlzTl.3XxhtEKJyCW/Duy', 'Juan', 'Lloclla', '+51925786369'),
  (5, 'joshua.ponte@email.com', '$2a$10$7Aa.7pgzVmdHiAqlHGmrSeGdOgHYwiktJC7WQmD1i969Kn4ohSGDq', 'Joshua', 'Ponte', '+51978952812');

-- ============================================================
-- 5. USER SESSIONS
-- ============================================================
INSERT INTO user_sessions (id, user_id, ip_address, user_agent, expires_at) VALUES
  ('a1b2c3d4-e5f6-7890-abcd-ef1234567890', 1, '192.168.1.101', 'Mozilla/5.0 (Windows NT 10.0; Win64; x64) AppleWebKit/537.36 Chrome/120.0.0.0 Safari/537.36', NOW() + interval '30 days'),
  ('b2c3d4e5-f6a7-8901-bcde-f12345678901', 2, '192.168.1.102', 'Mozilla/5.0 (Macintosh; Intel Mac OS X 10_15_7) AppleWebKit/605.1.15 Safari/605.1.15 Version/17.1', NOW() + interval '30 days'),
  ('c3d4e5f6-a7b8-9012-cdef-123456789012', 3, '10.0.0.55', 'Mozilla/5.0 (X11; Linux x86_64; rv:121.0) Gecko/20100101 Firefox/121.0', NOW() + interval '30 days'),
  ('d4e5f6a7-b8c9-0123-def1-234567890123', 4, '172.16.0.20', 'Mozilla/5.0 (Windows NT 10.0; Win64; x64) AppleWebKit/537.36 Chrome/120.0.0.0 Safari/537.36', NOW() + interval '30 days'),
  ('e5f6a7b8-c9d0-1234-ef12-345678901234', 5, '192.168.0.44', 'Mozilla/5.0 (Macintosh; Intel Mac OS X 10_15_7) AppleWebKit/605.1.15 Safari/605.1.15 Version/17.1', NOW() + interval '30 days'),
  ('f6a7b8c9-d0e1-2345-f123-456789012345', NULL, '203.0.113.10', 'Mozilla/5.0 (Windows NT 10.0; Win64; x64) AppleWebKit/537.36 Chrome/119.0.0.0 Safari/537.36', NOW() + interval '30 days'),
  ('a7b8c9d0-e1f2-3456-1234-567890123456', NULL, '198.51.100.23', 'Mozilla/5.0 (iPhone; CPU iPhone OS 17_1 like Mac OS X) AppleWebKit/605.1.15 Safari/604.1', NOW() + interval '30 days'),
  ('b8c9d0e1-f2a3-4567-2345-678901234567', NULL, '203.0.113.55', 'Mozilla/5.0 (X11; Linux x86_64; rv:120.0) Gecko/20100101 Firefox/120.0', NOW() + interval '30 days');

-- ============================================================
-- 6. INTERACTIONS
-- ============================================================
INSERT INTO interactions (user_id, session_id, product_id, event_type, event_time, price) VALUES
  (1, 'a1b2c3d4-e5f6-7890-abcd-ef1234567890', 11, 'purchase', '2026-06-30 00:35:35+00', (SELECT price FROM products WHERE id = 11)),
  (2, 'b2c3d4e5-f6a7-8901-bcde-f12345678901', 48, 'purchase', '2026-07-13 01:22:20+00', (SELECT price FROM products WHERE id = 48)),
  (3, 'c3d4e5f6-a7b8-9012-cdef-123456789012', 29, 'purchase', '2026-07-13 16:14:21+00', (SELECT price FROM products WHERE id = 29)),
  (4, 'd4e5f6a7-b8c9-0123-def1-234567890123', 36, 'purchase', '2026-07-08 06:03:14+00', (SELECT price FROM products WHERE id = 36)),
  (5, 'e5f6a7b8-c9d0-1234-ef12-345678901234', 46, 'purchase', '2026-06-20 12:43:59+00', (SELECT price FROM products WHERE id = 46)),
  (1, 'a1b2c3d4-e5f6-7890-abcd-ef1234567890', 28, 'purchase', '2026-06-23 14:47:30+00', (SELECT price FROM products WHERE id = 28)),
  (2, 'b2c3d4e5-f6a7-8901-bcde-f12345678901', 47, 'purchase', '2026-06-21 16:17:38+00', (SELECT price FROM products WHERE id = 47)),
  (3, 'c3d4e5f6-a7b8-9012-cdef-123456789012', 1, 'purchase', '2026-06-20 12:46:27+00', (SELECT price FROM products WHERE id = 1)),
  (4, 'd4e5f6a7-b8c9-0123-def1-234567890123', 8, 'purchase', '2026-07-11 04:44:41+00', (SELECT price FROM products WHERE id = 8)),
  (5, 'e5f6a7b8-c9d0-1234-ef12-345678901234', 5, 'purchase', '2026-07-10 00:20:18+00', (SELECT price FROM products WHERE id = 5)),
  (1, 'a1b2c3d4-e5f6-7890-abcd-ef1234567890', 10, 'purchase', '2026-07-14 09:59:18+00', (SELECT price FROM products WHERE id = 10)),
  (2, 'b2c3d4e5-f6a7-8901-bcde-f12345678901', 35, 'purchase', '2026-06-24 02:18:58+00', (SELECT price FROM products WHERE id = 35)),
  (3, 'c3d4e5f6-a7b8-9012-cdef-123456789012', 3, 'purchase', '2026-06-20 23:25:22+00', (SELECT price FROM products WHERE id = 3)),
  (4, 'd4e5f6a7-b8c9-0123-def1-234567890123', 24, 'purchase', '2026-07-05 07:24:29+00', (SELECT price FROM products WHERE id = 24)),
  (5, 'e5f6a7b8-c9d0-1234-ef12-345678901234', 11, 'purchase', '2026-06-28 21:07:25+00', (SELECT price FROM products WHERE id = 11)),
  (1, 'a1b2c3d4-e5f6-7890-abcd-ef1234567890', 48, 'purchase', '2026-07-12 20:43:17+00', (SELECT price FROM products WHERE id = 48)),
  (2, 'b2c3d4e5-f6a7-8901-bcde-f12345678901', 29, 'purchase', '2026-06-19 14:29:08+00', (SELECT price FROM products WHERE id = 29)),
  (3, 'c3d4e5f6-a7b8-9012-cdef-123456789012', 36, 'purchase', '2026-06-21 13:29:02+00', (SELECT price FROM products WHERE id = 36)),
  (4, 'd4e5f6a7-b8c9-0123-def1-234567890123', 46, 'purchase', '2026-06-18 05:07:53+00', (SELECT price FROM products WHERE id = 46)),
  (5, 'e5f6a7b8-c9d0-1234-ef12-345678901234', 28, 'purchase', '2026-06-23 04:14:39+00', (SELECT price FROM products WHERE id = 28)),
  (1, 'a1b2c3d4-e5f6-7890-abcd-ef1234567890', 47, 'purchase', '2026-06-21 01:22:49+00', (SELECT price FROM products WHERE id = 47)),
  (2, 'b2c3d4e5-f6a7-8901-bcde-f12345678901', 1, 'purchase', '2026-07-16 18:09:13+00', (SELECT price FROM products WHERE id = 1)),
  (3, 'c3d4e5f6-a7b8-9012-cdef-123456789012', 8, 'purchase', '2026-06-25 09:40:24+00', (SELECT price FROM products WHERE id = 8)),
  (4, 'd4e5f6a7-b8c9-0123-def1-234567890123', 5, 'purchase', '2026-07-07 12:49:35+00', (SELECT price FROM products WHERE id = 5)),
  (5, 'e5f6a7b8-c9d0-1234-ef12-345678901234', 10, 'purchase', '2026-06-19 13:48:45+00', (SELECT price FROM products WHERE id = 10)),
  (1, 'a1b2c3d4-e5f6-7890-abcd-ef1234567890', 35, 'purchase', '2026-06-23 10:23:26+00', (SELECT price FROM products WHERE id = 35)),
  (2, 'b2c3d4e5-f6a7-8901-bcde-f12345678901', 3, 'purchase', '2026-06-21 13:52:26+00', (SELECT price FROM products WHERE id = 3)),
  (3, 'c3d4e5f6-a7b8-9012-cdef-123456789012', 24, 'purchase', '2026-06-23 04:15:37+00', (SELECT price FROM products WHERE id = 24)),
  (4, 'd4e5f6a7-b8c9-0123-def1-234567890123', 11, 'purchase', '2026-07-09 11:53:59+00', (SELECT price FROM products WHERE id = 11)),
  (5, 'e5f6a7b8-c9d0-1234-ef12-345678901234', 48, 'purchase', '2026-06-23 21:05:25+00', (SELECT price FROM products WHERE id = 48)),
  (1, 'a1b2c3d4-e5f6-7890-abcd-ef1234567890', 29, 'purchase', '2026-07-14 06:10:16+00', (SELECT price FROM products WHERE id = 29)),
  (2, 'b2c3d4e5-f6a7-8901-bcde-f12345678901', 36, 'purchase', '2026-06-21 08:02:23+00', (SELECT price FROM products WHERE id = 36)),
  (3, 'c3d4e5f6-a7b8-9012-cdef-123456789012', 46, 'purchase', '2026-06-21 17:48:46+00', (SELECT price FROM products WHERE id = 46)),
  (4, 'd4e5f6a7-b8c9-0123-def1-234567890123', 28, 'purchase', '2026-07-10 19:50:51+00', (SELECT price FROM products WHERE id = 28)),
  (5, 'e5f6a7b8-c9d0-1234-ef12-345678901234', 47, 'purchase', '2026-06-23 00:03:27+00', (SELECT price FROM products WHERE id = 47)),
  (1, 'a1b2c3d4-e5f6-7890-abcd-ef1234567890', 1, 'purchase', '2026-07-03 16:34:54+00', (SELECT price FROM products WHERE id = 1)),
  (2, 'b2c3d4e5-f6a7-8901-bcde-f12345678901', 8, 'purchase', '2026-07-08 08:15:45+00', (SELECT price FROM products WHERE id = 8)),
  (3, 'c3d4e5f6-a7b8-9012-cdef-123456789012', 5, 'purchase', '2026-06-23 15:21:04+00', (SELECT price FROM products WHERE id = 5)),
  (4, 'd4e5f6a7-b8c9-0123-def1-234567890123', 10, 'purchase', '2026-07-10 16:07:52+00', (SELECT price FROM products WHERE id = 10)),
  (5, 'e5f6a7b8-c9d0-1234-ef12-345678901234', 35, 'purchase', '2026-07-16 18:57:41+00', (SELECT price FROM products WHERE id = 35)),
  (1, 'a1b2c3d4-e5f6-7890-abcd-ef1234567890', 3, 'purchase', '2026-07-11 16:56:47+00', (SELECT price FROM products WHERE id = 3)),
  (2, 'b2c3d4e5-f6a7-8901-bcde-f12345678901', 24, 'purchase', '2026-07-07 15:39:05+00', (SELECT price FROM products WHERE id = 24)),
  (3, 'c3d4e5f6-a7b8-9012-cdef-123456789012', 11, 'purchase', '2026-06-21 13:39:57+00', (SELECT price FROM products WHERE id = 11)),
  (4, 'd4e5f6a7-b8c9-0123-def1-234567890123', 48, 'purchase', '2026-06-18 11:50:23+00', (SELECT price FROM products WHERE id = 48)),
  (5, 'e5f6a7b8-c9d0-1234-ef12-345678901234', 29, 'purchase', '2026-07-09 03:01:48+00', (SELECT price FROM products WHERE id = 29)),
  (1, 'a1b2c3d4-e5f6-7890-abcd-ef1234567890', 36, 'purchase', '2026-06-28 06:07:59+00', (SELECT price FROM products WHERE id = 36)),
  (2, 'b2c3d4e5-f6a7-8901-bcde-f12345678901', 46, 'purchase', '2026-07-05 12:13:53+00', (SELECT price FROM products WHERE id = 46)),
  (3, 'c3d4e5f6-a7b8-9012-cdef-123456789012', 28, 'purchase', '2026-06-18 01:34:20+00', (SELECT price FROM products WHERE id = 28)),
  (4, 'd4e5f6a7-b8c9-0123-def1-234567890123', 47, 'purchase', '2026-07-01 09:55:28+00', (SELECT price FROM products WHERE id = 47)),
  (5, 'e5f6a7b8-c9d0-1234-ef12-345678901234', 1, 'purchase', '2026-06-19 07:44:57+00', (SELECT price FROM products WHERE id = 1)),
  (1, 'a1b2c3d4-e5f6-7890-abcd-ef1234567890', 9, 'cart', '2026-06-21 04:31:56+00', (SELECT price FROM products WHERE id = 9)),
  (2, 'b2c3d4e5-f6a7-8901-bcde-f12345678901', 34, 'cart', '2026-07-12 03:25:52+00', (SELECT price FROM products WHERE id = 34)),
  (3, 'c3d4e5f6-a7b8-9012-cdef-123456789012', 36, 'cart', '2026-07-16 08:27:17+00', (SELECT price FROM products WHERE id = 36)),
  (4, 'd4e5f6a7-b8c9-0123-def1-234567890123', 4, 'cart', '2026-07-04 11:06:50+00', (SELECT price FROM products WHERE id = 4)),
  (5, 'e5f6a7b8-c9d0-1234-ef12-345678901234', 1, 'cart', '2026-07-04 09:47:47+00', (SELECT price FROM products WHERE id = 1)),
  (1, 'a1b2c3d4-e5f6-7890-abcd-ef1234567890', 29, 'cart', '2026-07-14 00:44:06+00', (SELECT price FROM products WHERE id = 29)),
  (2, 'b2c3d4e5-f6a7-8901-bcde-f12345678901', 7, 'cart', '2026-07-11 19:08:35+00', (SELECT price FROM products WHERE id = 7)),
  (3, 'c3d4e5f6-a7b8-9012-cdef-123456789012', 9, 'cart', '2026-06-26 05:40:28+00', (SELECT price FROM products WHERE id = 9)),
  (4, 'd4e5f6a7-b8c9-0123-def1-234567890123', 46, 'cart', '2026-07-01 21:39:26+00', (SELECT price FROM products WHERE id = 46)),
  (5, 'e5f6a7b8-c9d0-1234-ef12-345678901234', 49, 'cart', '2026-06-26 21:27:46+00', (SELECT price FROM products WHERE id = 49)),
  (1, 'a1b2c3d4-e5f6-7890-abcd-ef1234567890', 5, 'cart', '2026-07-06 13:45:37+00', (SELECT price FROM products WHERE id = 5)),
  (2, 'b2c3d4e5-f6a7-8901-bcde-f12345678901', 20, 'cart', '2026-06-19 00:48:37+00', (SELECT price FROM products WHERE id = 20)),
  (3, 'c3d4e5f6-a7b8-9012-cdef-123456789012', 10, 'cart', '2026-06-28 19:19:41+00', (SELECT price FROM products WHERE id = 10)),
  (4, 'd4e5f6a7-b8c9-0123-def1-234567890123', 22, 'cart', '2026-06-25 21:46:36+00', (SELECT price FROM products WHERE id = 22)),
  (5, 'e5f6a7b8-c9d0-1234-ef12-345678901234', 3, 'cart', '2026-07-02 06:52:18+00', (SELECT price FROM products WHERE id = 3)),
  (1, 'a1b2c3d4-e5f6-7890-abcd-ef1234567890', 19, 'cart', '2026-07-07 17:08:53+00', (SELECT price FROM products WHERE id = 19)),
  (2, 'b2c3d4e5-f6a7-8901-bcde-f12345678901', 34, 'cart', '2026-06-30 20:49:22+00', (SELECT price FROM products WHERE id = 34)),
  (3, 'c3d4e5f6-a7b8-9012-cdef-123456789012', 7, 'cart', '2026-07-04 21:16:43+00', (SELECT price FROM products WHERE id = 7)),
  (4, 'd4e5f6a7-b8c9-0123-def1-234567890123', 33, 'cart', '2026-06-27 04:19:51+00', (SELECT price FROM products WHERE id = 33)),
  (5, 'e5f6a7b8-c9d0-1234-ef12-345678901234', 28, 'cart', '2026-06-29 00:49:45+00', (SELECT price FROM products WHERE id = 28)),
  (1, 'a1b2c3d4-e5f6-7890-abcd-ef1234567890', 16, 'cart', '2026-07-05 07:37:33+00', (SELECT price FROM products WHERE id = 16)),
  (2, 'b2c3d4e5-f6a7-8901-bcde-f12345678901', 46, 'cart', '2026-07-08 09:12:36+00', (SELECT price FROM products WHERE id = 46)),
  (3, 'c3d4e5f6-a7b8-9012-cdef-123456789012', 7, 'cart', '2026-07-04 14:28:49+00', (SELECT price FROM products WHERE id = 7)),
  (4, 'd4e5f6a7-b8c9-0123-def1-234567890123', 4, 'cart', '2026-06-29 07:12:13+00', (SELECT price FROM products WHERE id = 4)),
  (5, 'e5f6a7b8-c9d0-1234-ef12-345678901234', 1, 'cart', '2026-07-03 13:12:30+00', (SELECT price FROM products WHERE id = 1)),
  (1, 'a1b2c3d4-e5f6-7890-abcd-ef1234567890', 11, 'cart', '2026-06-27 05:32:54+00', (SELECT price FROM products WHERE id = 11)),
  (2, 'b2c3d4e5-f6a7-8901-bcde-f12345678901', 49, 'cart', '2026-07-03 07:18:21+00', (SELECT price FROM products WHERE id = 49)),
  (3, 'c3d4e5f6-a7b8-9012-cdef-123456789012', 8, 'cart', '2026-06-27 17:37:38+00', (SELECT price FROM products WHERE id = 8)),
  (4, 'd4e5f6a7-b8c9-0123-def1-234567890123', 41, 'cart', '2026-07-02 00:52:28+00', (SELECT price FROM products WHERE id = 41)),
  (5, 'e5f6a7b8-c9d0-1234-ef12-345678901234', 17, 'cart', '2026-07-07 10:39:52+00', (SELECT price FROM products WHERE id = 17)),
  (1, 'a1b2c3d4-e5f6-7890-abcd-ef1234567890', 5, 'cart', '2026-06-27 07:35:13+00', (SELECT price FROM products WHERE id = 5)),
  (2, 'b2c3d4e5-f6a7-8901-bcde-f12345678901', 42, 'cart', '2026-06-23 07:16:28+00', (SELECT price FROM products WHERE id = 42)),
  (3, 'c3d4e5f6-a7b8-9012-cdef-123456789012', 8, 'cart', '2026-07-16 18:24:49+00', (SELECT price FROM products WHERE id = 8)),
  (4, 'd4e5f6a7-b8c9-0123-def1-234567890123', 44, 'cart', '2026-06-17 23:33:57+00', (SELECT price FROM products WHERE id = 44)),
  (5, 'e5f6a7b8-c9d0-1234-ef12-345678901234', 17, 'cart', '2026-06-22 00:11:19+00', (SELECT price FROM products WHERE id = 17)),
  (1, 'a1b2c3d4-e5f6-7890-abcd-ef1234567890', 9, 'cart', '2026-07-03 20:06:01+00', (SELECT price FROM products WHERE id = 9)),
  (2, 'b2c3d4e5-f6a7-8901-bcde-f12345678901', 7, 'cart', '2026-07-11 16:00:23+00', (SELECT price FROM products WHERE id = 7)),
  (3, 'c3d4e5f6-a7b8-9012-cdef-123456789012', 18, 'cart', '2026-07-02 16:02:54+00', (SELECT price FROM products WHERE id = 18)),
  (4, 'd4e5f6a7-b8c9-0123-def1-234567890123', 44, 'cart', '2026-07-13 01:44:55+00', (SELECT price FROM products WHERE id = 44)),
  (5, 'e5f6a7b8-c9d0-1234-ef12-345678901234', 6, 'cart', '2026-06-20 17:17:05+00', (SELECT price FROM products WHERE id = 6)),
  (1, 'a1b2c3d4-e5f6-7890-abcd-ef1234567890', 9, 'cart', '2026-06-24 03:32:14+00', (SELECT price FROM products WHERE id = 9)),
  (2, 'b2c3d4e5-f6a7-8901-bcde-f12345678901', 42, 'cart', '2026-07-12 05:21:41+00', (SELECT price FROM products WHERE id = 42)),
  (3, 'c3d4e5f6-a7b8-9012-cdef-123456789012', 39, 'cart', '2026-07-03 13:31:26+00', (SELECT price FROM products WHERE id = 39)),
  (4, 'd4e5f6a7-b8c9-0123-def1-234567890123', 45, 'cart', '2026-07-10 00:34:38+00', (SELECT price FROM products WHERE id = 45)),
  (5, 'e5f6a7b8-c9d0-1234-ef12-345678901234', 41, 'cart', '2026-07-03 19:20:50+00', (SELECT price FROM products WHERE id = 41)),
  (1, 'a1b2c3d4-e5f6-7890-abcd-ef1234567890', 11, 'cart', '2026-06-27 11:20:38+00', (SELECT price FROM products WHERE id = 11)),
  (2, 'b2c3d4e5-f6a7-8901-bcde-f12345678901', 49, 'cart', '2026-06-29 15:16:27+00', (SELECT price FROM products WHERE id = 49)),
  (3, 'c3d4e5f6-a7b8-9012-cdef-123456789012', 19, 'cart', '2026-06-29 02:53:25+00', (SELECT price FROM products WHERE id = 19)),
  (4, 'd4e5f6a7-b8c9-0123-def1-234567890123', 45, 'cart', '2026-07-04 16:44:47+00', (SELECT price FROM products WHERE id = 45)),
  (5, 'e5f6a7b8-c9d0-1234-ef12-345678901234', 49, 'cart', '2026-07-04 02:56:31+00', (SELECT price FROM products WHERE id = 49)),
  (1, 'a1b2c3d4-e5f6-7890-abcd-ef1234567890', 23, 'cart', '2026-06-25 04:34:05+00', (SELECT price FROM products WHERE id = 23)),
  (2, 'b2c3d4e5-f6a7-8901-bcde-f12345678901', 36, 'cart', '2026-07-03 23:56:59+00', (SELECT price FROM products WHERE id = 36)),
  (3, 'c3d4e5f6-a7b8-9012-cdef-123456789012', 7, 'cart', '2026-06-22 07:17:55+00', (SELECT price FROM products WHERE id = 7)),
  (4, 'd4e5f6a7-b8c9-0123-def1-234567890123', 41, 'cart', '2026-06-24 12:36:50+00', (SELECT price FROM products WHERE id = 41)),
  (5, 'e5f6a7b8-c9d0-1234-ef12-345678901234', 49, 'cart', '2026-07-02 23:05:24+00', (SELECT price FROM products WHERE id = 49)),
  (1, 'a1b2c3d4-e5f6-7890-abcd-ef1234567890', 5, 'cart', '2026-07-09 06:17:23+00', (SELECT price FROM products WHERE id = 5)),
  (2, 'b2c3d4e5-f6a7-8901-bcde-f12345678901', 20, 'cart', '2026-06-26 02:14:51+00', (SELECT price FROM products WHERE id = 20)),
  (3, 'c3d4e5f6-a7b8-9012-cdef-123456789012', 7, 'cart', '2026-07-09 08:21:54+00', (SELECT price FROM products WHERE id = 7)),
  (4, 'd4e5f6a7-b8c9-0123-def1-234567890123', 17, 'cart', '2026-06-20 17:01:14+00', (SELECT price FROM products WHERE id = 17)),
  (5, 'e5f6a7b8-c9d0-1234-ef12-345678901234', 41, 'cart', '2026-07-13 08:22:14+00', (SELECT price FROM products WHERE id = 41)),
  (1, 'a1b2c3d4-e5f6-7890-abcd-ef1234567890', 5, 'cart', '2026-07-06 00:12:52+00', (SELECT price FROM products WHERE id = 5)),
  (2, 'b2c3d4e5-f6a7-8901-bcde-f12345678901', 40, 'cart', '2026-06-26 07:22:41+00', (SELECT price FROM products WHERE id = 40)),
  (3, 'c3d4e5f6-a7b8-9012-cdef-123456789012', 17, 'cart', '2026-07-05 01:17:42+00', (SELECT price FROM products WHERE id = 17)),
  (4, 'd4e5f6a7-b8c9-0123-def1-234567890123', 17, 'cart', '2026-07-01 05:19:11+00', (SELECT price FROM products WHERE id = 17)),
  (5, 'e5f6a7b8-c9d0-1234-ef12-345678901234', 22, 'cart', '2026-07-15 15:10:07+00', (SELECT price FROM products WHERE id = 22)),
  (1, 'a1b2c3d4-e5f6-7890-abcd-ef1234567890', 19, 'cart', '2026-07-05 19:34:36+00', (SELECT price FROM products WHERE id = 19)),
  (2, 'b2c3d4e5-f6a7-8901-bcde-f12345678901', 7, 'cart', '2026-06-19 02:50:07+00', (SELECT price FROM products WHERE id = 7)),
  (3, 'c3d4e5f6-a7b8-9012-cdef-123456789012', 9, 'cart', '2026-06-21 19:09:10+00', (SELECT price FROM products WHERE id = 9)),
  (4, 'd4e5f6a7-b8c9-0123-def1-234567890123', 4, 'cart', '2026-07-06 02:07:32+00', (SELECT price FROM products WHERE id = 4)),
  (5, 'e5f6a7b8-c9d0-1234-ef12-345678901234', 6, 'cart', '2026-06-19 05:13:33+00', (SELECT price FROM products WHERE id = 6)),
  (1, 'a1b2c3d4-e5f6-7890-abcd-ef1234567890', 16, 'cart', '2026-06-24 21:29:52+00', (SELECT price FROM products WHERE id = 16)),
  (2, 'b2c3d4e5-f6a7-8901-bcde-f12345678901', 43, 'cart', '2026-07-01 08:28:52+00', (SELECT price FROM products WHERE id = 43)),
  (3, 'c3d4e5f6-a7b8-9012-cdef-123456789012', 39, 'cart', '2026-06-23 12:05:41+00', (SELECT price FROM products WHERE id = 39)),
  (4, 'd4e5f6a7-b8c9-0123-def1-234567890123', 44, 'cart', '2026-07-02 20:28:29+00', (SELECT price FROM products WHERE id = 44)),
  (5, 'e5f6a7b8-c9d0-1234-ef12-345678901234', 3, 'cart', '2026-07-04 10:11:53+00', (SELECT price FROM products WHERE id = 3)),
  (1, 'a1b2c3d4-e5f6-7890-abcd-ef1234567890', 17, 'cart', '2026-07-05 20:01:22+00', (SELECT price FROM products WHERE id = 17)),
  (2, 'b2c3d4e5-f6a7-8901-bcde-f12345678901', 43, 'cart', '2026-06-25 18:35:21+00', (SELECT price FROM products WHERE id = 43)),
  (3, 'c3d4e5f6-a7b8-9012-cdef-123456789012', 19, 'cart', '2026-06-19 21:55:48+00', (SELECT price FROM products WHERE id = 19)),
  (4, 'd4e5f6a7-b8c9-0123-def1-234567890123', 4, 'cart', '2026-07-01 11:25:51+00', (SELECT price FROM products WHERE id = 4)),
  (5, 'e5f6a7b8-c9d0-1234-ef12-345678901234', 22, 'cart', '2026-06-29 17:50:13+00', (SELECT price FROM products WHERE id = 22)),
  (1, 'a1b2c3d4-e5f6-7890-abcd-ef1234567890', 17, 'cart', '2026-07-14 23:33:28+00', (SELECT price FROM products WHERE id = 17)),
  (2, 'b2c3d4e5-f6a7-8901-bcde-f12345678901', 43, 'cart', '2026-07-13 10:17:46+00', (SELECT price FROM products WHERE id = 43)),
  (3, 'c3d4e5f6-a7b8-9012-cdef-123456789012', 19, 'cart', '2026-07-12 01:09:18+00', (SELECT price FROM products WHERE id = 19)),
  (4, 'd4e5f6a7-b8c9-0123-def1-234567890123', 41, 'cart', '2026-07-06 03:02:42+00', (SELECT price FROM products WHERE id = 41)),
  (5, 'e5f6a7b8-c9d0-1234-ef12-345678901234', 18, 'cart', '2026-07-03 20:36:59+00', (SELECT price FROM products WHERE id = 18)),
  (1, 'a1b2c3d4-e5f6-7890-abcd-ef1234567890', 24, 'cart', '2026-06-24 15:54:52+00', (SELECT price FROM products WHERE id = 24)),
  (2, 'b2c3d4e5-f6a7-8901-bcde-f12345678901', 43, 'cart', '2026-07-09 03:39:18+00', (SELECT price FROM products WHERE id = 43)),
  (3, 'c3d4e5f6-a7b8-9012-cdef-123456789012', 18, 'cart', '2026-07-09 22:21:52+00', (SELECT price FROM products WHERE id = 18)),
  (4, 'd4e5f6a7-b8c9-0123-def1-234567890123', 22, 'cart', '2026-07-03 09:22:44+00', (SELECT price FROM products WHERE id = 22)),
  (5, 'e5f6a7b8-c9d0-1234-ef12-345678901234', 49, 'cart', '2026-07-15 22:29:54+00', (SELECT price FROM products WHERE id = 49)),
  (1, 'a1b2c3d4-e5f6-7890-abcd-ef1234567890', 24, 'cart', '2026-07-10 18:33:36+00', (SELECT price FROM products WHERE id = 24)),
  (2, 'b2c3d4e5-f6a7-8901-bcde-f12345678901', 20, 'cart', '2026-06-24 01:30:43+00', (SELECT price FROM products WHERE id = 20)),
  (3, 'c3d4e5f6-a7b8-9012-cdef-123456789012', 9, 'cart', '2026-06-24 20:57:07+00', (SELECT price FROM products WHERE id = 9)),
  (4, 'd4e5f6a7-b8c9-0123-def1-234567890123', 44, 'cart', '2026-07-11 12:27:37+00', (SELECT price FROM products WHERE id = 44)),
  (5, 'e5f6a7b8-c9d0-1234-ef12-345678901234', 6, 'cart', '2026-06-28 20:38:17+00', (SELECT price FROM products WHERE id = 6)),
  (1, 'a1b2c3d4-e5f6-7890-abcd-ef1234567890', 5, 'cart', '2026-07-13 17:07:15+00', (SELECT price FROM products WHERE id = 5)),
  (2, 'b2c3d4e5-f6a7-8901-bcde-f12345678901', 20, 'cart', '2026-06-30 13:56:30+00', (SELECT price FROM products WHERE id = 20)),
  (3, 'c3d4e5f6-a7b8-9012-cdef-123456789012', 7, 'cart', '2026-07-03 13:10:31+00', (SELECT price FROM products WHERE id = 7)),
  (4, 'd4e5f6a7-b8c9-0123-def1-234567890123', 41, 'cart', '2026-06-24 11:50:00+00', (SELECT price FROM products WHERE id = 41)),
  (5, 'e5f6a7b8-c9d0-1234-ef12-345678901234', 28, 'cart', '2026-06-29 07:45:26+00', (SELECT price FROM products WHERE id = 28)),
  (1, 'a1b2c3d4-e5f6-7890-abcd-ef1234567890', 38, 'view', '2026-06-25 22:46:58+00', (SELECT price FROM products WHERE id = 38)),
  (2, 'b2c3d4e5-f6a7-8901-bcde-f12345678901', 40, 'view', '2026-06-22 22:06:11+00', (SELECT price FROM products WHERE id = 40)),
  (3, 'c3d4e5f6-a7b8-9012-cdef-123456789012', 10, 'view', '2026-07-14 06:10:08+00', (SELECT price FROM products WHERE id = 10)),
  (4, 'd4e5f6a7-b8c9-0123-def1-234567890123', 22, 'view', '2026-06-19 15:12:04+00', (SELECT price FROM products WHERE id = 22)),
  (5, 'e5f6a7b8-c9d0-1234-ef12-345678901234', 27, 'view', '2026-06-27 04:18:35+00', (SELECT price FROM products WHERE id = 27)),
  (1, 'a1b2c3d4-e5f6-7890-abcd-ef1234567890', 15, 'view', '2026-07-05 14:24:31+00', (SELECT price FROM products WHERE id = 15)),
  (2, 'b2c3d4e5-f6a7-8901-bcde-f12345678901', 36, 'view', '2026-07-11 13:12:09+00', (SELECT price FROM products WHERE id = 36)),
  (3, 'c3d4e5f6-a7b8-9012-cdef-123456789012', 28, 'view', '2026-06-26 18:45:27+00', (SELECT price FROM products WHERE id = 28)),
  (4, 'd4e5f6a7-b8c9-0123-def1-234567890123', 31, 'view', '2026-07-10 05:08:54+00', (SELECT price FROM products WHERE id = 31)),
  (5, 'e5f6a7b8-c9d0-1234-ef12-345678901234', 35, 'view', '2026-06-24 07:48:49+00', (SELECT price FROM products WHERE id = 35)),
  (1, 'a1b2c3d4-e5f6-7890-abcd-ef1234567890', 45, 'view', '2026-06-26 23:20:00+00', (SELECT price FROM products WHERE id = 45)),
  (2, 'b2c3d4e5-f6a7-8901-bcde-f12345678901', 42, 'view', '2026-07-13 20:50:25+00', (SELECT price FROM products WHERE id = 42)),
  (3, 'c3d4e5f6-a7b8-9012-cdef-123456789012', 27, 'view', '2026-06-24 00:30:09+00', (SELECT price FROM products WHERE id = 27)),
  (4, 'd4e5f6a7-b8c9-0123-def1-234567890123', 13, 'view', '2026-07-01 12:25:24+00', (SELECT price FROM products WHERE id = 13)),
  (5, 'e5f6a7b8-c9d0-1234-ef12-345678901234', 33, 'view', '2026-07-06 09:11:20+00', (SELECT price FROM products WHERE id = 33)),
  (1, 'a1b2c3d4-e5f6-7890-abcd-ef1234567890', 23, 'view', '2026-06-28 01:46:07+00', (SELECT price FROM products WHERE id = 23)),
  (2, 'b2c3d4e5-f6a7-8901-bcde-f12345678901', 46, 'view', '2026-06-22 00:18:19+00', (SELECT price FROM products WHERE id = 46)),
  (3, 'c3d4e5f6-a7b8-9012-cdef-123456789012', 43, 'view', '2026-07-02 19:03:17+00', (SELECT price FROM products WHERE id = 43)),
  (4, 'd4e5f6a7-b8c9-0123-def1-234567890123', 18, 'view', '2026-06-18 16:13:58+00', (SELECT price FROM products WHERE id = 18)),
  (5, 'e5f6a7b8-c9d0-1234-ef12-345678901234', 31, 'view', '2026-06-20 18:03:57+00', (SELECT price FROM products WHERE id = 31)),
  (1, 'a1b2c3d4-e5f6-7890-abcd-ef1234567890', 20, 'view', '2026-06-26 06:44:15+00', (SELECT price FROM products WHERE id = 20)),
  (2, 'b2c3d4e5-f6a7-8901-bcde-f12345678901', 18, 'view', '2026-07-12 05:10:52+00', (SELECT price FROM products WHERE id = 18)),
  (3, 'c3d4e5f6-a7b8-9012-cdef-123456789012', 24, 'view', '2026-06-18 12:51:32+00', (SELECT price FROM products WHERE id = 24)),
  (4, 'd4e5f6a7-b8c9-0123-def1-234567890123', 8, 'view', '2026-06-29 00:32:35+00', (SELECT price FROM products WHERE id = 8)),
  (5, 'e5f6a7b8-c9d0-1234-ef12-345678901234', 49, 'view', '2026-07-01 08:30:55+00', (SELECT price FROM products WHERE id = 49)),
  (1, 'a1b2c3d4-e5f6-7890-abcd-ef1234567890', 21, 'view', '2026-07-03 13:17:27+00', (SELECT price FROM products WHERE id = 21)),
  (2, 'b2c3d4e5-f6a7-8901-bcde-f12345678901', 43, 'view', '2026-06-25 13:39:40+00', (SELECT price FROM products WHERE id = 43)),
  (3, 'c3d4e5f6-a7b8-9012-cdef-123456789012', 8, 'view', '2026-07-07 19:56:26+00', (SELECT price FROM products WHERE id = 8)),
  (4, 'd4e5f6a7-b8c9-0123-def1-234567890123', 6, 'view', '2026-06-22 13:52:25+00', (SELECT price FROM products WHERE id = 6)),
  (5, 'e5f6a7b8-c9d0-1234-ef12-345678901234', 1, 'view', '2026-07-09 03:10:17+00', (SELECT price FROM products WHERE id = 1)),
  (1, 'a1b2c3d4-e5f6-7890-abcd-ef1234567890', 19, 'view', '2026-07-10 04:25:05+00', (SELECT price FROM products WHERE id = 19)),
  (2, 'b2c3d4e5-f6a7-8901-bcde-f12345678901', 20, 'view', '2026-06-30 09:42:29+00', (SELECT price FROM products WHERE id = 20)),
  (3, 'c3d4e5f6-a7b8-9012-cdef-123456789012', 33, 'view', '2026-07-06 03:07:39+00', (SELECT price FROM products WHERE id = 33)),
  (4, 'd4e5f6a7-b8c9-0123-def1-234567890123', 22, 'view', '2026-07-02 16:05:57+00', (SELECT price FROM products WHERE id = 22)),
  (5, 'e5f6a7b8-c9d0-1234-ef12-345678901234', 11, 'view', '2026-07-12 01:04:31+00', (SELECT price FROM products WHERE id = 11)),
  (1, 'a1b2c3d4-e5f6-7890-abcd-ef1234567890', 4, 'view', '2026-07-06 20:31:33+00', (SELECT price FROM products WHERE id = 4)),
  (2, 'b2c3d4e5-f6a7-8901-bcde-f12345678901', 7, 'view', '2026-07-07 06:57:21+00', (SELECT price FROM products WHERE id = 7)),
  (3, 'c3d4e5f6-a7b8-9012-cdef-123456789012', 47, 'view', '2026-06-29 14:46:06+00', (SELECT price FROM products WHERE id = 47)),
  (4, 'd4e5f6a7-b8c9-0123-def1-234567890123', 47, 'view', '2026-07-09 05:05:11+00', (SELECT price FROM products WHERE id = 47)),
  (5, 'e5f6a7b8-c9d0-1234-ef12-345678901234', 6, 'view', '2026-07-02 00:01:42+00', (SELECT price FROM products WHERE id = 6)),
  (1, 'a1b2c3d4-e5f6-7890-abcd-ef1234567890', 3, 'view', '2026-07-14 22:21:31+00', (SELECT price FROM products WHERE id = 3)),
  (2, 'b2c3d4e5-f6a7-8901-bcde-f12345678901', 37, 'view', '2026-07-05 07:22:18+00', (SELECT price FROM products WHERE id = 37)),
  (3, 'c3d4e5f6-a7b8-9012-cdef-123456789012', 26, 'view', '2026-06-24 18:07:17+00', (SELECT price FROM products WHERE id = 26)),
  (4, 'd4e5f6a7-b8c9-0123-def1-234567890123', 35, 'view', '2026-07-03 05:12:46+00', (SELECT price FROM products WHERE id = 35)),
  (5, 'e5f6a7b8-c9d0-1234-ef12-345678901234', 36, 'view', '2026-07-02 18:36:31+00', (SELECT price FROM products WHERE id = 36)),
  (1, 'a1b2c3d4-e5f6-7890-abcd-ef1234567890', 41, 'view', '2026-07-16 23:35:05+00', (SELECT price FROM products WHERE id = 41)),
  (2, 'b2c3d4e5-f6a7-8901-bcde-f12345678901', 9, 'view', '2026-07-10 20:27:02+00', (SELECT price FROM products WHERE id = 9)),
  (3, 'c3d4e5f6-a7b8-9012-cdef-123456789012', 35, 'view', '2026-07-10 04:49:13+00', (SELECT price FROM products WHERE id = 35)),
  (4, 'd4e5f6a7-b8c9-0123-def1-234567890123', 33, 'view', '2026-06-30 01:16:47+00', (SELECT price FROM products WHERE id = 33)),
  (5, 'e5f6a7b8-c9d0-1234-ef12-345678901234', 21, 'view', '2026-06-30 21:29:58+00', (SELECT price FROM products WHERE id = 21)),
  (1, 'a1b2c3d4-e5f6-7890-abcd-ef1234567890', 13, 'view', '2026-07-04 17:38:14+00', (SELECT price FROM products WHERE id = 13)),
  (2, 'b2c3d4e5-f6a7-8901-bcde-f12345678901', 38, 'view', '2026-06-30 23:43:13+00', (SELECT price FROM products WHERE id = 38)),
  (3, 'c3d4e5f6-a7b8-9012-cdef-123456789012', 13, 'view', '2026-06-26 09:56:39+00', (SELECT price FROM products WHERE id = 13)),
  (4, 'd4e5f6a7-b8c9-0123-def1-234567890123', 8, 'view', '2026-07-08 07:13:53+00', (SELECT price FROM products WHERE id = 8)),
  (5, 'e5f6a7b8-c9d0-1234-ef12-345678901234', 5, 'view', '2026-07-13 21:07:39+00', (SELECT price FROM products WHERE id = 5)),
  (1, 'a1b2c3d4-e5f6-7890-abcd-ef1234567890', 3, 'view', '2026-07-08 00:48:19+00', (SELECT price FROM products WHERE id = 3)),
  (2, 'b2c3d4e5-f6a7-8901-bcde-f12345678901', 38, 'view', '2026-07-01 10:10:40+00', (SELECT price FROM products WHERE id = 38)),
  (3, 'c3d4e5f6-a7b8-9012-cdef-123456789012', 39, 'view', '2026-06-26 19:04:56+00', (SELECT price FROM products WHERE id = 39)),
  (4, 'd4e5f6a7-b8c9-0123-def1-234567890123', 3, 'view', '2026-07-11 00:12:11+00', (SELECT price FROM products WHERE id = 3)),
  (5, 'e5f6a7b8-c9d0-1234-ef12-345678901234', 21, 'view', '2026-07-09 04:55:12+00', (SELECT price FROM products WHERE id = 21)),
  (1, 'a1b2c3d4-e5f6-7890-abcd-ef1234567890', 28, 'view', '2026-06-18 04:50:34+00', (SELECT price FROM products WHERE id = 28)),
  (2, 'b2c3d4e5-f6a7-8901-bcde-f12345678901', 24, 'view', '2026-06-29 14:18:38+00', (SELECT price FROM products WHERE id = 24)),
  (3, 'c3d4e5f6-a7b8-9012-cdef-123456789012', 18, 'view', '2026-06-22 12:30:27+00', (SELECT price FROM products WHERE id = 18)),
  (4, 'd4e5f6a7-b8c9-0123-def1-234567890123', 9, 'view', '2026-07-10 16:12:43+00', (SELECT price FROM products WHERE id = 9)),
  (5, 'e5f6a7b8-c9d0-1234-ef12-345678901234', 2, 'view', '2026-07-08 10:22:02+00', (SELECT price FROM products WHERE id = 2)),
  (1, 'a1b2c3d4-e5f6-7890-abcd-ef1234567890', 36, 'view', '2026-07-01 11:25:21+00', (SELECT price FROM products WHERE id = 36)),
  (2, 'b2c3d4e5-f6a7-8901-bcde-f12345678901', 8, 'view', '2026-07-16 03:13:43+00', (SELECT price FROM products WHERE id = 8)),
  (3, 'c3d4e5f6-a7b8-9012-cdef-123456789012', 7, 'view', '2026-06-30 21:34:53+00', (SELECT price FROM products WHERE id = 7)),
  (4, 'd4e5f6a7-b8c9-0123-def1-234567890123', 35, 'view', '2026-06-19 04:15:19+00', (SELECT price FROM products WHERE id = 35)),
  (5, 'e5f6a7b8-c9d0-1234-ef12-345678901234', 31, 'view', '2026-06-21 10:42:28+00', (SELECT price FROM products WHERE id = 31)),
  (1, 'a1b2c3d4-e5f6-7890-abcd-ef1234567890', 22, 'view', '2026-07-14 10:08:12+00', (SELECT price FROM products WHERE id = 22)),
  (2, 'b2c3d4e5-f6a7-8901-bcde-f12345678901', 46, 'view', '2026-06-30 06:40:25+00', (SELECT price FROM products WHERE id = 46)),
  (3, 'c3d4e5f6-a7b8-9012-cdef-123456789012', 21, 'view', '2026-07-03 03:19:32+00', (SELECT price FROM products WHERE id = 21)),
  (4, 'd4e5f6a7-b8c9-0123-def1-234567890123', 12, 'view', '2026-07-11 23:15:29+00', (SELECT price FROM products WHERE id = 12)),
  (5, 'e5f6a7b8-c9d0-1234-ef12-345678901234', 18, 'view', '2026-07-09 22:12:56+00', (SELECT price FROM products WHERE id = 18)),
  (1, 'a1b2c3d4-e5f6-7890-abcd-ef1234567890', 46, 'view', '2026-07-03 04:02:05+00', (SELECT price FROM products WHERE id = 46)),
  (2, 'b2c3d4e5-f6a7-8901-bcde-f12345678901', 43, 'view', '2026-07-15 12:57:09+00', (SELECT price FROM products WHERE id = 43)),
  (3, 'c3d4e5f6-a7b8-9012-cdef-123456789012', 22, 'view', '2026-07-15 06:39:39+00', (SELECT price FROM products WHERE id = 22)),
  (4, 'd4e5f6a7-b8c9-0123-def1-234567890123', 31, 'view', '2026-06-26 21:45:18+00', (SELECT price FROM products WHERE id = 31)),
  (5, 'e5f6a7b8-c9d0-1234-ef12-345678901234', 17, 'view', '2026-07-13 00:34:39+00', (SELECT price FROM products WHERE id = 17)),
  (1, 'a1b2c3d4-e5f6-7890-abcd-ef1234567890', 27, 'view', '2026-06-19 00:37:46+00', (SELECT price FROM products WHERE id = 27)),
  (2, 'b2c3d4e5-f6a7-8901-bcde-f12345678901', 1, 'view', '2026-06-17 16:22:44+00', (SELECT price FROM products WHERE id = 1)),
  (3, 'c3d4e5f6-a7b8-9012-cdef-123456789012', 19, 'view', '2026-06-30 18:11:14+00', (SELECT price FROM products WHERE id = 19)),
  (4, 'd4e5f6a7-b8c9-0123-def1-234567890123', 17, 'view', '2026-06-29 07:27:04+00', (SELECT price FROM products WHERE id = 17)),
  (5, 'e5f6a7b8-c9d0-1234-ef12-345678901234', 41, 'view', '2026-06-28 22:44:19+00', (SELECT price FROM products WHERE id = 41)),
  (1, 'a1b2c3d4-e5f6-7890-abcd-ef1234567890', 40, 'view', '2026-07-01 19:44:51+00', (SELECT price FROM products WHERE id = 40)),
  (2, 'b2c3d4e5-f6a7-8901-bcde-f12345678901', 19, 'view', '2026-06-20 05:52:36+00', (SELECT price FROM products WHERE id = 19)),
  (3, 'c3d4e5f6-a7b8-9012-cdef-123456789012', 10, 'view', '2026-06-21 16:40:48+00', (SELECT price FROM products WHERE id = 10)),
  (4, 'd4e5f6a7-b8c9-0123-def1-234567890123', 18, 'view', '2026-07-08 08:07:34+00', (SELECT price FROM products WHERE id = 18)),
  (5, 'e5f6a7b8-c9d0-1234-ef12-345678901234', 30, 'view', '2026-07-15 16:38:03+00', (SELECT price FROM products WHERE id = 30)),
  (1, 'a1b2c3d4-e5f6-7890-abcd-ef1234567890', 38, 'view', '2026-07-14 12:33:06+00', (SELECT price FROM products WHERE id = 38)),
  (2, 'b2c3d4e5-f6a7-8901-bcde-f12345678901', 39, 'view', '2026-07-11 06:23:33+00', (SELECT price FROM products WHERE id = 39)),
  (3, 'c3d4e5f6-a7b8-9012-cdef-123456789012', 4, 'view', '2026-07-09 13:27:17+00', (SELECT price FROM products WHERE id = 4)),
  (4, 'd4e5f6a7-b8c9-0123-def1-234567890123', 17, 'view', '2026-07-12 18:55:08+00', (SELECT price FROM products WHERE id = 17)),
  (5, 'e5f6a7b8-c9d0-1234-ef12-345678901234', 2, 'view', '2026-06-30 22:33:56+00', (SELECT price FROM products WHERE id = 2)),
  (1, 'a1b2c3d4-e5f6-7890-abcd-ef1234567890', 1, 'view', '2026-07-17 10:04:24+00', (SELECT price FROM products WHERE id = 1)),
  (2, 'b2c3d4e5-f6a7-8901-bcde-f12345678901', 19, 'view', '2026-06-26 19:39:10+00', (SELECT price FROM products WHERE id = 19)),
  (3, 'c3d4e5f6-a7b8-9012-cdef-123456789012', 21, 'view', '2026-07-08 18:17:35+00', (SELECT price FROM products WHERE id = 21)),
  (4, 'd4e5f6a7-b8c9-0123-def1-234567890123', 5, 'view', '2026-07-08 20:33:52+00', (SELECT price FROM products WHERE id = 5)),
  (5, 'e5f6a7b8-c9d0-1234-ef12-345678901234', 9, 'view', '2026-06-26 09:50:56+00', (SELECT price FROM products WHERE id = 9)),
  (1, 'a1b2c3d4-e5f6-7890-abcd-ef1234567890', 20, 'view', '2026-07-15 08:45:02+00', (SELECT price FROM products WHERE id = 20)),
  (2, 'b2c3d4e5-f6a7-8901-bcde-f12345678901', 5, 'view', '2026-06-19 18:47:02+00', (SELECT price FROM products WHERE id = 5)),
  (3, 'c3d4e5f6-a7b8-9012-cdef-123456789012', 41, 'view', '2026-06-23 18:18:05+00', (SELECT price FROM products WHERE id = 41)),
  (4, 'd4e5f6a7-b8c9-0123-def1-234567890123', 28, 'view', '2026-06-27 15:56:53+00', (SELECT price FROM products WHERE id = 28)),
  (5, 'e5f6a7b8-c9d0-1234-ef12-345678901234', 50, 'view', '2026-07-11 13:34:12+00', (SELECT price FROM products WHERE id = 50)),
  (1, 'a1b2c3d4-e5f6-7890-abcd-ef1234567890', 11, 'view', '2026-07-01 03:54:54+00', (SELECT price FROM products WHERE id = 11)),
  (2, 'b2c3d4e5-f6a7-8901-bcde-f12345678901', 32, 'view', '2026-07-13 00:43:39+00', (SELECT price FROM products WHERE id = 32)),
  (3, 'c3d4e5f6-a7b8-9012-cdef-123456789012', 8, 'view', '2026-06-22 16:49:32+00', (SELECT price FROM products WHERE id = 8)),
  (4, 'd4e5f6a7-b8c9-0123-def1-234567890123', 41, 'view', '2026-07-15 17:03:38+00', (SELECT price FROM products WHERE id = 41)),
  (5, 'e5f6a7b8-c9d0-1234-ef12-345678901234', 41, 'view', '2026-07-08 06:31:10+00', (SELECT price FROM products WHERE id = 41)),
  (1, 'a1b2c3d4-e5f6-7890-abcd-ef1234567890', 38, 'view', '2026-06-22 18:32:49+00', (SELECT price FROM products WHERE id = 38)),
  (2, 'b2c3d4e5-f6a7-8901-bcde-f12345678901', 49, 'view', '2026-07-08 20:12:01+00', (SELECT price FROM products WHERE id = 49)),
  (3, 'c3d4e5f6-a7b8-9012-cdef-123456789012', 19, 'view', '2026-07-03 10:32:14+00', (SELECT price FROM products WHERE id = 19)),
  (4, 'd4e5f6a7-b8c9-0123-def1-234567890123', 10, 'view', '2026-06-26 12:11:30+00', (SELECT price FROM products WHERE id = 10)),
  (5, 'e5f6a7b8-c9d0-1234-ef12-345678901234', 8, 'view', '2026-07-02 11:39:36+00', (SELECT price FROM products WHERE id = 8)),
  (1, 'a1b2c3d4-e5f6-7890-abcd-ef1234567890', 22, 'view', '2026-07-04 08:48:49+00', (SELECT price FROM products WHERE id = 22)),
  (2, 'b2c3d4e5-f6a7-8901-bcde-f12345678901', 29, 'view', '2026-07-16 07:18:00+00', (SELECT price FROM products WHERE id = 29)),
  (3, 'c3d4e5f6-a7b8-9012-cdef-123456789012', 18, 'view', '2026-06-25 11:08:08+00', (SELECT price FROM products WHERE id = 18)),
  (4, 'd4e5f6a7-b8c9-0123-def1-234567890123', 29, 'view', '2026-07-09 23:44:06+00', (SELECT price FROM products WHERE id = 29)),
  (5, 'e5f6a7b8-c9d0-1234-ef12-345678901234', 1, 'view', '2026-07-10 15:10:27+00', (SELECT price FROM products WHERE id = 1)),
  (1, 'a1b2c3d4-e5f6-7890-abcd-ef1234567890', 34, 'view', '2026-06-22 10:06:35+00', (SELECT price FROM products WHERE id = 34)),
  (2, 'b2c3d4e5-f6a7-8901-bcde-f12345678901', 27, 'view', '2026-06-29 21:16:17+00', (SELECT price FROM products WHERE id = 27)),
  (3, 'c3d4e5f6-a7b8-9012-cdef-123456789012', 17, 'view', '2026-06-17 12:18:28+00', (SELECT price FROM products WHERE id = 17)),
  (4, 'd4e5f6a7-b8c9-0123-def1-234567890123', 34, 'view', '2026-06-22 20:34:36+00', (SELECT price FROM products WHERE id = 34)),
  (5, 'e5f6a7b8-c9d0-1234-ef12-345678901234', 27, 'view', '2026-07-16 07:01:59+00', (SELECT price FROM products WHERE id = 27)),
  (1, 'a1b2c3d4-e5f6-7890-abcd-ef1234567890', 39, 'view', '2026-07-12 05:51:45+00', (SELECT price FROM products WHERE id = 39)),
  (2, 'b2c3d4e5-f6a7-8901-bcde-f12345678901', 24, 'view', '2026-06-27 22:54:47+00', (SELECT price FROM products WHERE id = 24)),
  (3, 'c3d4e5f6-a7b8-9012-cdef-123456789012', 49, 'view', '2026-07-09 03:43:38+00', (SELECT price FROM products WHERE id = 49)),
  (4, 'd4e5f6a7-b8c9-0123-def1-234567890123', 28, 'view', '2026-07-04 10:09:46+00', (SELECT price FROM products WHERE id = 28)),
  (5, 'e5f6a7b8-c9d0-1234-ef12-345678901234', 43, 'view', '2026-07-02 17:57:26+00', (SELECT price FROM products WHERE id = 43)),
  (1, 'a1b2c3d4-e5f6-7890-abcd-ef1234567890', 24, 'view', '2026-07-03 09:35:33+00', (SELECT price FROM products WHERE id = 24)),
  (2, 'b2c3d4e5-f6a7-8901-bcde-f12345678901', 17, 'view', '2026-07-07 12:01:04+00', (SELECT price FROM products WHERE id = 17)),
  (3, 'c3d4e5f6-a7b8-9012-cdef-123456789012', 33, 'view', '2026-07-14 08:41:17+00', (SELECT price FROM products WHERE id = 33)),
  (4, 'd4e5f6a7-b8c9-0123-def1-234567890123', 1, 'view', '2026-07-07 14:32:28+00', (SELECT price FROM products WHERE id = 1)),
  (5, 'e5f6a7b8-c9d0-1234-ef12-345678901234', 35, 'view', '2026-07-02 15:15:44+00', (SELECT price FROM products WHERE id = 35)),
  (1, 'a1b2c3d4-e5f6-7890-abcd-ef1234567890', 33, 'view', '2026-06-19 03:27:38+00', (SELECT price FROM products WHERE id = 33)),
  (2, 'b2c3d4e5-f6a7-8901-bcde-f12345678901', 43, 'view', '2026-06-24 16:26:24+00', (SELECT price FROM products WHERE id = 43)),
  (3, 'c3d4e5f6-a7b8-9012-cdef-123456789012', 8, 'view', '2026-07-03 20:31:31+00', (SELECT price FROM products WHERE id = 8)),
  (4, 'd4e5f6a7-b8c9-0123-def1-234567890123', 11, 'view', '2026-07-09 22:16:22+00', (SELECT price FROM products WHERE id = 11)),
  (5, 'e5f6a7b8-c9d0-1234-ef12-345678901234', 9, 'view', '2026-06-18 09:28:01+00', (SELECT price FROM products WHERE id = 9)),
  (1, 'a1b2c3d4-e5f6-7890-abcd-ef1234567890', 16, 'view', '2026-06-21 13:15:51+00', (SELECT price FROM products WHERE id = 16)),
  (2, 'b2c3d4e5-f6a7-8901-bcde-f12345678901', 43, 'view', '2026-06-17 20:33:14+00', (SELECT price FROM products WHERE id = 43)),
  (3, 'c3d4e5f6-a7b8-9012-cdef-123456789012', 33, 'view', '2026-06-21 10:03:19+00', (SELECT price FROM products WHERE id = 33)),
  (4, 'd4e5f6a7-b8c9-0123-def1-234567890123', 20, 'view', '2026-07-05 02:27:42+00', (SELECT price FROM products WHERE id = 20)),
  (5, 'e5f6a7b8-c9d0-1234-ef12-345678901234', 3, 'view', '2026-07-01 22:43:25+00', (SELECT price FROM products WHERE id = 3)),
  (1, 'a1b2c3d4-e5f6-7890-abcd-ef1234567890', 30, 'view', '2026-06-24 19:21:39+00', (SELECT price FROM products WHERE id = 30)),
  (2, 'b2c3d4e5-f6a7-8901-bcde-f12345678901', 31, 'view', '2026-07-04 05:43:49+00', (SELECT price FROM products WHERE id = 31)),
  (3, 'c3d4e5f6-a7b8-9012-cdef-123456789012', 7, 'view', '2026-07-11 09:26:17+00', (SELECT price FROM products WHERE id = 7)),
  (4, 'd4e5f6a7-b8c9-0123-def1-234567890123', 26, 'view', '2026-07-13 13:40:13+00', (SELECT price FROM products WHERE id = 26)),
  (5, 'e5f6a7b8-c9d0-1234-ef12-345678901234', 9, 'view', '2026-07-04 08:33:23+00', (SELECT price FROM products WHERE id = 9)),
  (1, 'a1b2c3d4-e5f6-7890-abcd-ef1234567890', 35, 'view', '2026-07-02 23:00:27+00', (SELECT price FROM products WHERE id = 35)),
  (2, 'b2c3d4e5-f6a7-8901-bcde-f12345678901', 20, 'view', '2026-06-18 07:20:03+00', (SELECT price FROM products WHERE id = 20)),
  (3, 'c3d4e5f6-a7b8-9012-cdef-123456789012', 29, 'view', '2026-06-23 12:29:38+00', (SELECT price FROM products WHERE id = 29)),
  (4, 'd4e5f6a7-b8c9-0123-def1-234567890123', 36, 'view', '2026-07-12 17:58:03+00', (SELECT price FROM products WHERE id = 36)),
  (5, 'e5f6a7b8-c9d0-1234-ef12-345678901234', 26, 'view', '2026-07-17 02:09:15+00', (SELECT price FROM products WHERE id = 26)),
  (1, 'a1b2c3d4-e5f6-7890-abcd-ef1234567890', 17, 'view', '2026-07-14 16:53:21+00', (SELECT price FROM products WHERE id = 17)),
  (2, 'b2c3d4e5-f6a7-8901-bcde-f12345678901', 44, 'view', '2026-06-20 02:41:25+00', (SELECT price FROM products WHERE id = 44)),
  (3, 'c3d4e5f6-a7b8-9012-cdef-123456789012', 20, 'view', '2026-06-19 02:06:58+00', (SELECT price FROM products WHERE id = 20)),
  (4, 'd4e5f6a7-b8c9-0123-def1-234567890123', 32, 'view', '2026-06-22 12:51:24+00', (SELECT price FROM products WHERE id = 32)),
  (5, 'e5f6a7b8-c9d0-1234-ef12-345678901234', 22, 'view', '2026-06-19 12:29:23+00', (SELECT price FROM products WHERE id = 22)),
  (1, 'a1b2c3d4-e5f6-7890-abcd-ef1234567890', 9, 'view', '2026-07-02 05:36:43+00', (SELECT price FROM products WHERE id = 9)),
  (2, 'b2c3d4e5-f6a7-8901-bcde-f12345678901', 8, 'view', '2026-07-05 00:50:49+00', (SELECT price FROM products WHERE id = 8)),
  (3, 'c3d4e5f6-a7b8-9012-cdef-123456789012', 21, 'view', '2026-06-18 02:13:25+00', (SELECT price FROM products WHERE id = 21)),
  (4, 'd4e5f6a7-b8c9-0123-def1-234567890123', 6, 'view', '2026-07-03 19:06:49+00', (SELECT price FROM products WHERE id = 6)),
  (5, 'e5f6a7b8-c9d0-1234-ef12-345678901234', 17, 'view', '2026-07-05 23:49:05+00', (SELECT price FROM products WHERE id = 17)),
  (1, 'a1b2c3d4-e5f6-7890-abcd-ef1234567890', 49, 'view', '2026-06-29 12:26:53+00', (SELECT price FROM products WHERE id = 49)),
  (2, 'b2c3d4e5-f6a7-8901-bcde-f12345678901', 38, 'view', '2026-06-21 02:53:06+00', (SELECT price FROM products WHERE id = 38)),
  (3, 'c3d4e5f6-a7b8-9012-cdef-123456789012', 46, 'view', '2026-07-15 09:44:12+00', (SELECT price FROM products WHERE id = 46)),
  (4, 'd4e5f6a7-b8c9-0123-def1-234567890123', 40, 'view', '2026-06-23 19:11:43+00', (SELECT price FROM products WHERE id = 40)),
  (5, 'e5f6a7b8-c9d0-1234-ef12-345678901234', 17, 'view', '2026-07-07 07:17:23+00', (SELECT price FROM products WHERE id = 17)),
  (1, 'a1b2c3d4-e5f6-7890-abcd-ef1234567890', 41, 'view', '2026-07-02 06:25:43+00', (SELECT price FROM products WHERE id = 41)),
  (2, 'b2c3d4e5-f6a7-8901-bcde-f12345678901', 43, 'view', '2026-07-17 10:09:10+00', (SELECT price FROM products WHERE id = 43)),
  (3, 'c3d4e5f6-a7b8-9012-cdef-123456789012', 37, 'view', '2026-07-08 13:02:23+00', (SELECT price FROM products WHERE id = 37)),
  (4, 'd4e5f6a7-b8c9-0123-def1-234567890123', 28, 'view', '2026-06-30 02:27:18+00', (SELECT price FROM products WHERE id = 28)),
  (5, 'e5f6a7b8-c9d0-1234-ef12-345678901234', 33, 'view', '2026-07-02 19:27:32+00', (SELECT price FROM products WHERE id = 33)),
  (1, 'a1b2c3d4-e5f6-7890-abcd-ef1234567890', 35, 'view', '2026-07-04 02:29:09+00', (SELECT price FROM products WHERE id = 35)),
  (2, 'b2c3d4e5-f6a7-8901-bcde-f12345678901', 21, 'view', '2026-07-07 03:30:38+00', (SELECT price FROM products WHERE id = 21)),
  (3, 'c3d4e5f6-a7b8-9012-cdef-123456789012', 26, 'view', '2026-06-24 14:43:54+00', (SELECT price FROM products WHERE id = 26)),
  (4, 'd4e5f6a7-b8c9-0123-def1-234567890123', 15, 'view', '2026-07-03 20:09:06+00', (SELECT price FROM products WHERE id = 15)),
  (5, 'e5f6a7b8-c9d0-1234-ef12-345678901234', 11, 'view', '2026-06-21 09:53:12+00', (SELECT price FROM products WHERE id = 11)),
  (1, 'a1b2c3d4-e5f6-7890-abcd-ef1234567890', 35, 'view', '2026-07-10 08:03:36+00', (SELECT price FROM products WHERE id = 35)),
  (2, 'b2c3d4e5-f6a7-8901-bcde-f12345678901', 15, 'view', '2026-07-10 11:50:06+00', (SELECT price FROM products WHERE id = 15)),
  (3, 'c3d4e5f6-a7b8-9012-cdef-123456789012', 40, 'view', '2026-07-05 04:14:30+00', (SELECT price FROM products WHERE id = 40)),
  (4, 'd4e5f6a7-b8c9-0123-def1-234567890123', 11, 'view', '2026-06-25 03:48:44+00', (SELECT price FROM products WHERE id = 11)),
  (5, 'e5f6a7b8-c9d0-1234-ef12-345678901234', 36, 'view', '2026-06-20 02:19:49+00', (SELECT price FROM products WHERE id = 36)),
  (1, 'a1b2c3d4-e5f6-7890-abcd-ef1234567890', 15, 'view', '2026-07-05 22:01:23+00', (SELECT price FROM products WHERE id = 15)),
  (2, 'b2c3d4e5-f6a7-8901-bcde-f12345678901', 33, 'view', '2026-06-23 17:28:35+00', (SELECT price FROM products WHERE id = 33)),
  (3, 'c3d4e5f6-a7b8-9012-cdef-123456789012', 32, 'view', '2026-06-18 01:48:39+00', (SELECT price FROM products WHERE id = 32)),
  (4, 'd4e5f6a7-b8c9-0123-def1-234567890123', 22, 'view', '2026-06-18 13:19:35+00', (SELECT price FROM products WHERE id = 22)),
  (5, 'e5f6a7b8-c9d0-1234-ef12-345678901234', 49, 'view', '2026-07-02 10:21:01+00', (SELECT price FROM products WHERE id = 49)),
  (1, 'a1b2c3d4-e5f6-7890-abcd-ef1234567890', 28, 'view', '2026-07-07 12:57:49+00', (SELECT price FROM products WHERE id = 28)),
  (2, 'b2c3d4e5-f6a7-8901-bcde-f12345678901', 43, 'view', '2026-06-21 06:34:58+00', (SELECT price FROM products WHERE id = 43)),
  (3, 'c3d4e5f6-a7b8-9012-cdef-123456789012', 19, 'view', '2026-07-14 12:12:27+00', (SELECT price FROM products WHERE id = 19)),
  (4, 'd4e5f6a7-b8c9-0123-def1-234567890123', 49, 'view', '2026-07-03 19:00:42+00', (SELECT price FROM products WHERE id = 49)),
  (5, 'e5f6a7b8-c9d0-1234-ef12-345678901234', 37, 'view', '2026-07-13 04:12:29+00', (SELECT price FROM products WHERE id = 37)),
  (1, 'a1b2c3d4-e5f6-7890-abcd-ef1234567890', 46, 'view', '2026-06-27 20:33:26+00', (SELECT price FROM products WHERE id = 46)),
  (2, 'b2c3d4e5-f6a7-8901-bcde-f12345678901', 7, 'view', '2026-07-15 06:07:25+00', (SELECT price FROM products WHERE id = 7)),
  (3, 'c3d4e5f6-a7b8-9012-cdef-123456789012', 41, 'view', '2026-06-18 10:10:24+00', (SELECT price FROM products WHERE id = 41)),
  (4, 'd4e5f6a7-b8c9-0123-def1-234567890123', 12, 'view', '2026-06-28 19:15:11+00', (SELECT price FROM products WHERE id = 12)),
  (5, 'e5f6a7b8-c9d0-1234-ef12-345678901234', 16, 'view', '2026-06-28 00:07:03+00', (SELECT price FROM products WHERE id = 16)),
  (1, 'a1b2c3d4-e5f6-7890-abcd-ef1234567890', 45, 'view', '2026-07-07 15:25:57+00', (SELECT price FROM products WHERE id = 45)),
  (2, 'b2c3d4e5-f6a7-8901-bcde-f12345678901', 34, 'view', '2026-06-21 17:16:25+00', (SELECT price FROM products WHERE id = 34)),
  (3, 'c3d4e5f6-a7b8-9012-cdef-123456789012', 15, 'view', '2026-06-18 21:01:10+00', (SELECT price FROM products WHERE id = 15)),
  (4, 'd4e5f6a7-b8c9-0123-def1-234567890123', 31, 'view', '2026-06-25 22:31:24+00', (SELECT price FROM products WHERE id = 31)),
  (5, 'e5f6a7b8-c9d0-1234-ef12-345678901234', 39, 'view', '2026-07-02 20:40:40+00', (SELECT price FROM products WHERE id = 39)),
  (1, 'a1b2c3d4-e5f6-7890-abcd-ef1234567890', 25, 'view', '2026-07-16 10:09:09+00', (SELECT price FROM products WHERE id = 25)),
  (2, 'b2c3d4e5-f6a7-8901-bcde-f12345678901', 34, 'view', '2026-07-10 10:57:55+00', (SELECT price FROM products WHERE id = 34)),
  (3, 'c3d4e5f6-a7b8-9012-cdef-123456789012', 34, 'view', '2026-06-19 20:55:51+00', (SELECT price FROM products WHERE id = 34)),
  (4, 'd4e5f6a7-b8c9-0123-def1-234567890123', 5, 'view', '2026-06-25 02:19:41+00', (SELECT price FROM products WHERE id = 5)),
  (5, 'e5f6a7b8-c9d0-1234-ef12-345678901234', 18, 'view', '2026-06-18 03:35:48+00', (SELECT price FROM products WHERE id = 18)),
  (1, 'a1b2c3d4-e5f6-7890-abcd-ef1234567890', 39, 'view', '2026-06-28 11:42:05+00', (SELECT price FROM products WHERE id = 39)),
  (2, 'b2c3d4e5-f6a7-8901-bcde-f12345678901', 46, 'view', '2026-07-14 11:38:05+00', (SELECT price FROM products WHERE id = 46)),
  (3, 'c3d4e5f6-a7b8-9012-cdef-123456789012', 1, 'view', '2026-06-26 16:19:08+00', (SELECT price FROM products WHERE id = 1)),
  (4, 'd4e5f6a7-b8c9-0123-def1-234567890123', 48, 'view', '2026-07-16 15:09:28+00', (SELECT price FROM products WHERE id = 48)),
  (5, 'e5f6a7b8-c9d0-1234-ef12-345678901234', 11, 'view', '2026-06-23 14:46:36+00', (SELECT price FROM products WHERE id = 11)),
  (1, 'a1b2c3d4-e5f6-7890-abcd-ef1234567890', 9, 'view', '2026-07-06 17:54:23+00', (SELECT price FROM products WHERE id = 9)),
  (2, 'b2c3d4e5-f6a7-8901-bcde-f12345678901', 18, 'view', '2026-07-13 03:11:23+00', (SELECT price FROM products WHERE id = 18)),
  (3, 'c3d4e5f6-a7b8-9012-cdef-123456789012', 24, 'view', '2026-07-05 03:19:21+00', (SELECT price FROM products WHERE id = 24)),
  (4, 'd4e5f6a7-b8c9-0123-def1-234567890123', 34, 'view', '2026-06-23 17:23:09+00', (SELECT price FROM products WHERE id = 34)),
  (5, 'e5f6a7b8-c9d0-1234-ef12-345678901234', 1, 'view', '2026-07-12 05:57:00+00', (SELECT price FROM products WHERE id = 1)),
  (1, 'a1b2c3d4-e5f6-7890-abcd-ef1234567890', 30, 'view', '2026-06-21 08:59:43+00', (SELECT price FROM products WHERE id = 30)),
  (2, 'b2c3d4e5-f6a7-8901-bcde-f12345678901', 30, 'view', '2026-06-27 00:08:35+00', (SELECT price FROM products WHERE id = 30)),
  (3, 'c3d4e5f6-a7b8-9012-cdef-123456789012', 22, 'view', '2026-06-20 02:45:47+00', (SELECT price FROM products WHERE id = 22)),
  (4, 'd4e5f6a7-b8c9-0123-def1-234567890123', 4, 'view', '2026-07-10 12:49:27+00', (SELECT price FROM products WHERE id = 4)),
  (5, 'e5f6a7b8-c9d0-1234-ef12-345678901234', 31, 'view', '2026-07-09 21:08:10+00', (SELECT price FROM products WHERE id = 31)),
  (1, 'a1b2c3d4-e5f6-7890-abcd-ef1234567890', 7, 'view', '2026-06-27 11:52:28+00', (SELECT price FROM products WHERE id = 7)),
  (2, 'b2c3d4e5-f6a7-8901-bcde-f12345678901', 48, 'view', '2026-06-23 08:39:51+00', (SELECT price FROM products WHERE id = 48)),
  (3, 'c3d4e5f6-a7b8-9012-cdef-123456789012', 48, 'view', '2026-07-08 20:54:18+00', (SELECT price FROM products WHERE id = 48)),
  (4, 'd4e5f6a7-b8c9-0123-def1-234567890123', 25, 'view', '2026-07-12 18:15:27+00', (SELECT price FROM products WHERE id = 25)),
  (5, 'e5f6a7b8-c9d0-1234-ef12-345678901234', 19, 'view', '2026-06-19 03:25:49+00', (SELECT price FROM products WHERE id = 19)),
  (1, 'a1b2c3d4-e5f6-7890-abcd-ef1234567890', 28, 'view', '2026-07-08 12:36:32+00', (SELECT price FROM products WHERE id = 28)),
  (2, 'b2c3d4e5-f6a7-8901-bcde-f12345678901', 18, 'view', '2026-06-26 18:58:27+00', (SELECT price FROM products WHERE id = 18)),
  (3, 'c3d4e5f6-a7b8-9012-cdef-123456789012', 20, 'view', '2026-06-22 03:22:52+00', (SELECT price FROM products WHERE id = 20)),
  (4, 'd4e5f6a7-b8c9-0123-def1-234567890123', 3, 'view', '2026-06-17 12:27:03+00', (SELECT price FROM products WHERE id = 3)),
  (5, 'e5f6a7b8-c9d0-1234-ef12-345678901234', 45, 'view', '2026-07-03 00:05:24+00', (SELECT price FROM products WHERE id = 45)),
  (1, 'a1b2c3d4-e5f6-7890-abcd-ef1234567890', 6, 'view', '2026-07-06 01:25:03+00', (SELECT price FROM products WHERE id = 6)),
  (2, 'b2c3d4e5-f6a7-8901-bcde-f12345678901', 13, 'view', '2026-06-30 06:08:07+00', (SELECT price FROM products WHERE id = 13)),
  (3, 'c3d4e5f6-a7b8-9012-cdef-123456789012', 35, 'view', '2026-07-08 15:26:01+00', (SELECT price FROM products WHERE id = 35)),
  (4, 'd4e5f6a7-b8c9-0123-def1-234567890123', 44, 'view', '2026-06-27 18:04:28+00', (SELECT price FROM products WHERE id = 44)),
  (5, 'e5f6a7b8-c9d0-1234-ef12-345678901234', 8, 'view', '2026-07-17 06:10:10+00', (SELECT price FROM products WHERE id = 8)),
  (1, 'a1b2c3d4-e5f6-7890-abcd-ef1234567890', 46, 'view', '2026-06-26 22:13:27+00', (SELECT price FROM products WHERE id = 46)),
  (2, 'b2c3d4e5-f6a7-8901-bcde-f12345678901', 38, 'view', '2026-06-18 07:00:21+00', (SELECT price FROM products WHERE id = 38)),
  (3, 'c3d4e5f6-a7b8-9012-cdef-123456789012', 49, 'view', '2026-06-29 07:23:14+00', (SELECT price FROM products WHERE id = 49)),
  (4, 'd4e5f6a7-b8c9-0123-def1-234567890123', 22, 'view', '2026-06-22 12:21:21+00', (SELECT price FROM products WHERE id = 22)),
  (5, 'e5f6a7b8-c9d0-1234-ef12-345678901234', 48, 'view', '2026-07-08 21:56:24+00', (SELECT price FROM products WHERE id = 48)),
  (1, 'a1b2c3d4-e5f6-7890-abcd-ef1234567890', 42, 'view', '2026-07-10 14:18:53+00', (SELECT price FROM products WHERE id = 42)),
  (2, 'b2c3d4e5-f6a7-8901-bcde-f12345678901', 42, 'view', '2026-07-06 22:19:44+00', (SELECT price FROM products WHERE id = 42)),
  (3, 'c3d4e5f6-a7b8-9012-cdef-123456789012', 31, 'view', '2026-07-11 19:06:17+00', (SELECT price FROM products WHERE id = 31)),
  (4, 'd4e5f6a7-b8c9-0123-def1-234567890123', 7, 'view', '2026-06-27 04:00:34+00', (SELECT price FROM products WHERE id = 7)),
  (5, 'e5f6a7b8-c9d0-1234-ef12-345678901234', 37, 'view', '2026-06-24 11:25:15+00', (SELECT price FROM products WHERE id = 37)),
  (1, 'a1b2c3d4-e5f6-7890-abcd-ef1234567890', 34, 'view', '2026-06-22 08:23:50+00', (SELECT price FROM products WHERE id = 34)),
  (2, 'b2c3d4e5-f6a7-8901-bcde-f12345678901', 31, 'view', '2026-07-14 14:02:31+00', (SELECT price FROM products WHERE id = 31)),
  (3, 'c3d4e5f6-a7b8-9012-cdef-123456789012', 31, 'view', '2026-06-28 02:38:05+00', (SELECT price FROM products WHERE id = 31)),
  (4, 'd4e5f6a7-b8c9-0123-def1-234567890123', 10, 'view', '2026-06-23 20:12:01+00', (SELECT price FROM products WHERE id = 10)),
  (5, 'e5f6a7b8-c9d0-1234-ef12-345678901234', 28, 'view', '2026-06-30 02:42:24+00', (SELECT price FROM products WHERE id = 28)),
  (1, 'a1b2c3d4-e5f6-7890-abcd-ef1234567890', 37, 'view', '2026-07-13 13:23:00+00', (SELECT price FROM products WHERE id = 37)),
  (2, 'b2c3d4e5-f6a7-8901-bcde-f12345678901', 49, 'view', '2026-07-08 15:31:13+00', (SELECT price FROM products WHERE id = 49)),
  (3, 'c3d4e5f6-a7b8-9012-cdef-123456789012', 38, 'view', '2026-07-05 00:50:15+00', (SELECT price FROM products WHERE id = 38)),
  (4, 'd4e5f6a7-b8c9-0123-def1-234567890123', 3, 'view', '2026-07-13 12:50:41+00', (SELECT price FROM products WHERE id = 3)),
  (5, 'e5f6a7b8-c9d0-1234-ef12-345678901234', 25, 'view', '2026-06-21 04:56:54+00', (SELECT price FROM products WHERE id = 25)),
  (1, 'a1b2c3d4-e5f6-7890-abcd-ef1234567890', 14, 'view', '2026-07-01 13:47:10+00', (SELECT price FROM products WHERE id = 14)),
  (2, 'b2c3d4e5-f6a7-8901-bcde-f12345678901', 49, 'view', '2026-07-09 07:46:49+00', (SELECT price FROM products WHERE id = 49)),
  (3, 'c3d4e5f6-a7b8-9012-cdef-123456789012', 1, 'view', '2026-07-09 18:58:53+00', (SELECT price FROM products WHERE id = 1)),
  (4, 'd4e5f6a7-b8c9-0123-def1-234567890123', 43, 'view', '2026-06-19 04:11:05+00', (SELECT price FROM products WHERE id = 43)),
  (5, 'e5f6a7b8-c9d0-1234-ef12-345678901234', 42, 'view', '2026-07-08 15:29:53+00', (SELECT price FROM products WHERE id = 42)),
  (1, 'a1b2c3d4-e5f6-7890-abcd-ef1234567890', 46, 'view', '2026-07-07 08:07:30+00', (SELECT price FROM products WHERE id = 46)),
  (2, 'b2c3d4e5-f6a7-8901-bcde-f12345678901', 36, 'view', '2026-07-03 10:48:05+00', (SELECT price FROM products WHERE id = 36)),
  (3, 'c3d4e5f6-a7b8-9012-cdef-123456789012', 36, 'view', '2026-07-13 06:39:17+00', (SELECT price FROM products WHERE id = 36)),
  (4, 'd4e5f6a7-b8c9-0123-def1-234567890123', 5, 'view', '2026-06-21 16:41:55+00', (SELECT price FROM products WHERE id = 5)),
  (5, 'e5f6a7b8-c9d0-1234-ef12-345678901234', 37, 'view', '2026-06-27 06:25:39+00', (SELECT price FROM products WHERE id = 37)),
  (1, 'a1b2c3d4-e5f6-7890-abcd-ef1234567890', 16, 'view', '2026-06-18 11:33:56+00', (SELECT price FROM products WHERE id = 16)),
  (2, 'b2c3d4e5-f6a7-8901-bcde-f12345678901', 42, 'view', '2026-06-30 18:44:05+00', (SELECT price FROM products WHERE id = 42)),
  (3, 'c3d4e5f6-a7b8-9012-cdef-123456789012', 10, 'view', '2026-06-23 18:42:32+00', (SELECT price FROM products WHERE id = 10)),
  (4, 'd4e5f6a7-b8c9-0123-def1-234567890123', 46, 'view', '2026-07-09 13:35:23+00', (SELECT price FROM products WHERE id = 46)),
  (5, 'e5f6a7b8-c9d0-1234-ef12-345678901234', 9, 'view', '2026-07-03 20:33:14+00', (SELECT price FROM products WHERE id = 9)),
  (1, 'a1b2c3d4-e5f6-7890-abcd-ef1234567890', 34, 'view', '2026-06-25 00:42:41+00', (SELECT price FROM products WHERE id = 34)),
  (2, 'b2c3d4e5-f6a7-8901-bcde-f12345678901', 7, 'view', '2026-06-29 23:07:00+00', (SELECT price FROM products WHERE id = 7)),
  (3, 'c3d4e5f6-a7b8-9012-cdef-123456789012', 43, 'view', '2026-06-28 08:14:40+00', (SELECT price FROM products WHERE id = 43)),
  (4, 'd4e5f6a7-b8c9-0123-def1-234567890123', 14, 'view', '2026-07-14 05:59:26+00', (SELECT price FROM products WHERE id = 14)),
  (5, 'e5f6a7b8-c9d0-1234-ef12-345678901234', 5, 'view', '2026-07-03 08:32:11+00', (SELECT price FROM products WHERE id = 5)),
  (1, 'a1b2c3d4-e5f6-7890-abcd-ef1234567890', 30, 'view', '2026-06-20 23:21:03+00', (SELECT price FROM products WHERE id = 30)),
  (2, 'b2c3d4e5-f6a7-8901-bcde-f12345678901', 26, 'view', '2026-07-07 15:50:07+00', (SELECT price FROM products WHERE id = 26)),
  (3, 'c3d4e5f6-a7b8-9012-cdef-123456789012', 30, 'view', '2026-07-10 20:36:56+00', (SELECT price FROM products WHERE id = 30)),
  (4, 'd4e5f6a7-b8c9-0123-def1-234567890123', 41, 'view', '2026-06-28 10:30:33+00', (SELECT price FROM products WHERE id = 41)),
  (5, 'e5f6a7b8-c9d0-1234-ef12-345678901234', 20, 'view', '2026-06-20 05:14:27+00', (SELECT price FROM products WHERE id = 20)),
  (1, 'a1b2c3d4-e5f6-7890-abcd-ef1234567890', 10, 'view', '2026-06-28 00:32:51+00', (SELECT price FROM products WHERE id = 10)),
  (2, 'b2c3d4e5-f6a7-8901-bcde-f12345678901', 36, 'view', '2026-07-13 07:21:37+00', (SELECT price FROM products WHERE id = 36)),
  (3, 'c3d4e5f6-a7b8-9012-cdef-123456789012', 8, 'view', '2026-07-08 08:51:26+00', (SELECT price FROM products WHERE id = 8)),
  (4, 'd4e5f6a7-b8c9-0123-def1-234567890123', 22, 'view', '2026-07-14 00:23:35+00', (SELECT price FROM products WHERE id = 22)),
  (5, 'e5f6a7b8-c9d0-1234-ef12-345678901234', 6, 'view', '2026-06-20 21:10:23+00', (SELECT price FROM products WHERE id = 6)),
  (NULL, 'f6a7b8c9-d0e1-2345-f123-456789012345', 9, 'view', '2026-07-05 20:10:30+00', (SELECT price FROM products WHERE id = 9)),
  (NULL, 'a7b8c9d0-e1f2-3456-1234-567890123456', 24, 'view', '2026-06-27 09:14:59+00', (SELECT price FROM products WHERE id = 24)),
  (NULL, 'b8c9d0e1-f2a3-4567-2345-678901234567', 48, 'view', '2026-06-26 14:31:53+00', (SELECT price FROM products WHERE id = 48)),
  (NULL, 'f6a7b8c9-d0e1-2345-f123-456789012345', 35, 'view', '2026-07-04 22:13:43+00', (SELECT price FROM products WHERE id = 35)),
  (NULL, 'a7b8c9d0-e1f2-3456-1234-567890123456', 48, 'view', '2026-06-25 16:50:55+00', (SELECT price FROM products WHERE id = 48)),
  (NULL, 'b8c9d0e1-f2a3-4567-2345-678901234567', 27, 'view', '2026-06-27 20:27:22+00', (SELECT price FROM products WHERE id = 27)),
  (NULL, 'f6a7b8c9-d0e1-2345-f123-456789012345', 32, 'view', '2026-06-29 00:43:49+00', (SELECT price FROM products WHERE id = 32)),
  (NULL, 'a7b8c9d0-e1f2-3456-1234-567890123456', 18, 'view', '2026-07-16 12:26:39+00', (SELECT price FROM products WHERE id = 18)),
  (NULL, 'b8c9d0e1-f2a3-4567-2345-678901234567', 24, 'view', '2026-07-10 23:33:56+00', (SELECT price FROM products WHERE id = 24)),
  (NULL, 'f6a7b8c9-d0e1-2345-f123-456789012345', 29, 'view', '2026-06-18 23:36:00+00', (SELECT price FROM products WHERE id = 29)),
  (NULL, 'a7b8c9d0-e1f2-3456-1234-567890123456', 24, 'view', '2026-07-14 12:27:52+00', (SELECT price FROM products WHERE id = 24)),
  (NULL, 'b8c9d0e1-f2a3-4567-2345-678901234567', 44, 'view', '2026-07-06 11:31:07+00', (SELECT price FROM products WHERE id = 44)),
  (NULL, 'f6a7b8c9-d0e1-2345-f123-456789012345', 42, 'view', '2026-07-06 17:45:17+00', (SELECT price FROM products WHERE id = 42)),
  (NULL, 'a7b8c9d0-e1f2-3456-1234-567890123456', 26, 'view', '2026-07-09 05:21:55+00', (SELECT price FROM products WHERE id = 26)),
  (NULL, 'b8c9d0e1-f2a3-4567-2345-678901234567', 8, 'view', '2026-06-19 00:42:44+00', (SELECT price FROM products WHERE id = 8)),
  (NULL, 'f6a7b8c9-d0e1-2345-f123-456789012345', 30, 'view', '2026-07-14 17:59:42+00', (SELECT price FROM products WHERE id = 30)),
  (NULL, 'a7b8c9d0-e1f2-3456-1234-567890123456', 14, 'view', '2026-06-28 05:58:22+00', (SELECT price FROM products WHERE id = 14)),
  (NULL, 'b8c9d0e1-f2a3-4567-2345-678901234567', 39, 'view', '2026-06-18 08:48:46+00', (SELECT price FROM products WHERE id = 39)),
  (NULL, 'f6a7b8c9-d0e1-2345-f123-456789012345', 4, 'view', '2026-06-23 21:30:28+00', (SELECT price FROM products WHERE id = 4)),
  (NULL, 'a7b8c9d0-e1f2-3456-1234-567890123456', 16, 'view', '2026-06-17 20:02:56+00', (SELECT price FROM products WHERE id = 16)),
  (NULL, 'b8c9d0e1-f2a3-4567-2345-678901234567', 37, 'view', '2026-07-11 08:15:07+00', (SELECT price FROM products WHERE id = 37)),
  (NULL, 'f6a7b8c9-d0e1-2345-f123-456789012345', 49, 'view', '2026-06-30 20:58:13+00', (SELECT price FROM products WHERE id = 49)),
  (NULL, 'a7b8c9d0-e1f2-3456-1234-567890123456', 38, 'view', '2026-07-11 00:30:54+00', (SELECT price FROM products WHERE id = 38)),
  (NULL, 'b8c9d0e1-f2a3-4567-2345-678901234567', 15, 'view', '2026-07-07 15:26:13+00', (SELECT price FROM products WHERE id = 15)),
  (NULL, 'f6a7b8c9-d0e1-2345-f123-456789012345', 10, 'view', '2026-06-23 20:10:35+00', (SELECT price FROM products WHERE id = 10)),
  (NULL, 'a7b8c9d0-e1f2-3456-1234-567890123456', 39, 'view', '2026-07-17 09:57:30+00', (SELECT price FROM products WHERE id = 39)),
  (NULL, 'b8c9d0e1-f2a3-4567-2345-678901234567', 10, 'view', '2026-06-17 20:58:49+00', (SELECT price FROM products WHERE id = 10)),
  (NULL, 'f6a7b8c9-d0e1-2345-f123-456789012345', 35, 'view', '2026-07-09 23:31:44+00', (SELECT price FROM products WHERE id = 35)),
  (NULL, 'a7b8c9d0-e1f2-3456-1234-567890123456', 12, 'view', '2026-07-14 04:51:10+00', (SELECT price FROM products WHERE id = 12)),
  (NULL, 'b8c9d0e1-f2a3-4567-2345-678901234567', 2, 'view', '2026-07-13 13:06:06+00', (SELECT price FROM products WHERE id = 2)),
  (NULL, 'f6a7b8c9-d0e1-2345-f123-456789012345', 23, 'view', '2026-06-23 19:12:39+00', (SELECT price FROM products WHERE id = 23)),
  (NULL, 'a7b8c9d0-e1f2-3456-1234-567890123456', 16, 'view', '2026-06-29 20:01:33+00', (SELECT price FROM products WHERE id = 16)),
  (NULL, 'b8c9d0e1-f2a3-4567-2345-678901234567', 2, 'view', '2026-07-12 06:32:33+00', (SELECT price FROM products WHERE id = 2)),
  (NULL, 'f6a7b8c9-d0e1-2345-f123-456789012345', 4, 'view', '2026-07-13 16:44:01+00', (SELECT price FROM products WHERE id = 4)),
  (NULL, 'a7b8c9d0-e1f2-3456-1234-567890123456', 27, 'view', '2026-07-01 17:13:06+00', (SELECT price FROM products WHERE id = 27)),
  (NULL, 'b8c9d0e1-f2a3-4567-2345-678901234567', 48, 'view', '2026-07-15 14:14:17+00', (SELECT price FROM products WHERE id = 48)),
  (NULL, 'f6a7b8c9-d0e1-2345-f123-456789012345', 29, 'view', '2026-06-24 03:49:39+00', (SELECT price FROM products WHERE id = 29)),
  (NULL, 'a7b8c9d0-e1f2-3456-1234-567890123456', 33, 'view', '2026-06-29 16:33:37+00', (SELECT price FROM products WHERE id = 33)),
  (NULL, 'b8c9d0e1-f2a3-4567-2345-678901234567', 29, 'view', '2026-07-02 09:14:10+00', (SELECT price FROM products WHERE id = 29)),
  (NULL, 'f6a7b8c9-d0e1-2345-f123-456789012345', 40, 'view', '2026-07-16 04:46:37+00', (SELECT price FROM products WHERE id = 40)),
  (NULL, 'a7b8c9d0-e1f2-3456-1234-567890123456', 43, 'view', '2026-07-01 20:33:18+00', (SELECT price FROM products WHERE id = 43)),
  (NULL, 'b8c9d0e1-f2a3-4567-2345-678901234567', 30, 'view', '2026-06-28 04:47:40+00', (SELECT price FROM products WHERE id = 30)),
  (NULL, 'f6a7b8c9-d0e1-2345-f123-456789012345', 2, 'view', '2026-07-15 16:12:20+00', (SELECT price FROM products WHERE id = 2)),
  (NULL, 'a7b8c9d0-e1f2-3456-1234-567890123456', 31, 'view', '2026-06-22 01:56:42+00', (SELECT price FROM products WHERE id = 31)),
  (NULL, 'b8c9d0e1-f2a3-4567-2345-678901234567', 28, 'view', '2026-06-26 22:00:35+00', (SELECT price FROM products WHERE id = 28)),
  (NULL, 'f6a7b8c9-d0e1-2345-f123-456789012345', 32, 'view', '2026-06-26 03:04:15+00', (SELECT price FROM products WHERE id = 32)),
  (NULL, 'a7b8c9d0-e1f2-3456-1234-567890123456', 29, 'view', '2026-07-15 07:05:12+00', (SELECT price FROM products WHERE id = 29)),
  (NULL, 'b8c9d0e1-f2a3-4567-2345-678901234567', 6, 'view', '2026-07-07 20:04:46+00', (SELECT price FROM products WHERE id = 6)),
  (NULL, 'f6a7b8c9-d0e1-2345-f123-456789012345', 10, 'view', '2026-07-15 12:42:31+00', (SELECT price FROM products WHERE id = 10)),
  (NULL, 'a7b8c9d0-e1f2-3456-1234-567890123456', 18, 'view', '2026-06-28 18:29:29+00', (SELECT price FROM products WHERE id = 18)),
  (NULL, 'b8c9d0e1-f2a3-4567-2345-678901234567', 38, 'view', '2026-07-01 01:11:00+00', (SELECT price FROM products WHERE id = 38)),
  (NULL, 'f6a7b8c9-d0e1-2345-f123-456789012345', 21, 'view', '2026-07-06 01:44:55+00', (SELECT price FROM products WHERE id = 21)),
  (NULL, 'a7b8c9d0-e1f2-3456-1234-567890123456', 39, 'view', '2026-07-01 13:59:56+00', (SELECT price FROM products WHERE id = 39)),
  (NULL, 'b8c9d0e1-f2a3-4567-2345-678901234567', 30, 'view', '2026-07-02 08:00:11+00', (SELECT price FROM products WHERE id = 30)),
  (NULL, 'f6a7b8c9-d0e1-2345-f123-456789012345', 28, 'view', '2026-07-14 12:35:29+00', (SELECT price FROM products WHERE id = 28)),
  (NULL, 'a7b8c9d0-e1f2-3456-1234-567890123456', 45, 'view', '2026-07-14 01:37:18+00', (SELECT price FROM products WHERE id = 45)),
  (NULL, 'b8c9d0e1-f2a3-4567-2345-678901234567', 42, 'view', '2026-06-27 23:20:24+00', (SELECT price FROM products WHERE id = 42)),
  (NULL, 'f6a7b8c9-d0e1-2345-f123-456789012345', 50, 'view', '2026-06-30 23:02:19+00', (SELECT price FROM products WHERE id = 50)),
  (NULL, 'a7b8c9d0-e1f2-3456-1234-567890123456', 14, 'view', '2026-07-04 14:20:58+00', (SELECT price FROM products WHERE id = 14)),
  (NULL, 'b8c9d0e1-f2a3-4567-2345-678901234567', 15, 'view', '2026-07-05 02:03:15+00', (SELECT price FROM products WHERE id = 15));

-- ============================================================
-- 7. ORDERS
-- ============================================================
INSERT INTO orders (id, user_id, order_number, status, subtotal, shipping_cost, total, shipping_address, created_at) VALUES
  (1, 1, 'US-8B4F22', 'pending', 766.99, 0.00, 766.99, '{"fullName":"Maria Garcia","address":"Calle Mayor 15","city":"Madrid","postalCode":"28013","phone":"+34600123456"}'::jsonb, '2026-07-11 02:21:53+00'),
  (2, 2, 'US-41A3DB', 'pending', 426.97, 0.00, 426.97, '{"fullName":"Carlos Lopez","address":"Avenida Diagonal 220","city":"Barcelona","postalCode":"08018","phone":"+34611234567"}'::jsonb, '2026-07-06 10:02:00+00'),
  (3, 3, 'US-199B36', 'confirmed', 383.98, 0.00, 383.98, '{"fullName":"Ana Martinez","address":"Calle Sierpes 8","city":"Sevilla","postalCode":"41004","phone":"+34622345678"}'::jsonb, '2026-07-04 11:29:12+00'),
  (4, 4, 'US-BB387D', 'confirmed', 293.97, 0.00, 293.97, '{"fullName":"Diego Rodriguez","address":"Gran Via 45","city":"Bilbao","postalCode":"48001","phone":"+34633456789"}'::jsonb, '2026-07-04 18:58:51+00'),
  (5, 5, 'US-080589', 'confirmed', 1121.85, 0.00, 1121.85, '{"fullName":"Lucia Fernandez","address":"Calle Colon 30","city":"Valencia","postalCode":"46004","phone":"+34644567890"}'::jsonb, '2026-07-07 09:00:30+00'),
  (6, 1, 'US-24026C', 'shipped', 901.91, 0.00, 901.91, '{"fullName":"Maria Garcia","address":"Calle Mayor 15","city":"Madrid","postalCode":"28013","phone":"+34600123456"}'::jsonb, '2026-07-07 15:21:21+00'),
  (7, 2, 'US-B9A214', 'shipped', 174.00, 0.00, 174.00, '{"fullName":"Carlos Lopez","address":"Avenida Diagonal 220","city":"Barcelona","postalCode":"08018","phone":"+34611234567"}'::jsonb, '2026-07-12 09:16:38+00'),
  (8, 3, 'US-8EDFED', 'delivered', 568.92, 0.00, 568.92, '{"fullName":"Ana Martinez","address":"Calle Sierpes 8","city":"Sevilla","postalCode":"41004","phone":"+34622345678"}'::jsonb, '2026-07-07 09:22:16+00'),
  (9, 4, 'US-39F917', 'delivered', 481.00, 0.00, 481.00, '{"fullName":"Diego Rodriguez","address":"Gran Via 45","city":"Bilbao","postalCode":"48001","phone":"+34633456789"}'::jsonb, '2026-07-12 07:44:15+00'),
  (10, 5, 'US-6489A3', 'cancelled', 285.99, 0.00, 285.99, '{"fullName":"Lucia Fernandez","address":"Calle Colon 30","city":"Valencia","postalCode":"46004","phone":"+34644567890"}'::jsonb, '2026-07-14 10:24:27+00');

-- ============================================================
-- 8. ORDER ITEMS
-- ============================================================
INSERT INTO order_items (id, order_id, product_id, quantity, unit_price, total_price) VALUES
  (1, 1, 30, 3, (SELECT price FROM products WHERE id = 30), 3 * (SELECT price FROM products WHERE id = 30)),
  (2, 1, 26, 1, (SELECT price FROM products WHERE id = 26), 1 * (SELECT price FROM products WHERE id = 26)),
  (3, 1, 27, 2, (SELECT price FROM products WHERE id = 27), 2 * (SELECT price FROM products WHERE id = 27)),
  (4, 2, 6, 1, (SELECT price FROM products WHERE id = 6), 1 * (SELECT price FROM products WHERE id = 6)),
  (5, 2, 28, 3, (SELECT price FROM products WHERE id = 28), 3 * (SELECT price FROM products WHERE id = 28)),
  (6, 3, 43, 2, (SELECT price FROM products WHERE id = 43), 2 * (SELECT price FROM products WHERE id = 43)),
  (7, 4, 10, 2, (SELECT price FROM products WHERE id = 10), 2 * (SELECT price FROM products WHERE id = 10)),
  (8, 4, 43, 1, (SELECT price FROM products WHERE id = 43), 1 * (SELECT price FROM products WHERE id = 43)),
  (9, 5, 36, 3, (SELECT price FROM products WHERE id = 36), 3 * (SELECT price FROM products WHERE id = 36)),
  (10, 5, 50, 3, (SELECT price FROM products WHERE id = 50), 3 * (SELECT price FROM products WHERE id = 50)),
  (11, 6, 22, 1, (SELECT price FROM products WHERE id = 22), 1 * (SELECT price FROM products WHERE id = 22)),
  (12, 6, 23, 1, (SELECT price FROM products WHERE id = 23), 1 * (SELECT price FROM products WHERE id = 23)),
  (13, 6, 1, 3, (SELECT price FROM products WHERE id = 1), 3 * (SELECT price FROM products WHERE id = 1)),
  (14, 7, 27, 2, (SELECT price FROM products WHERE id = 27), 2 * (SELECT price FROM products WHERE id = 27)),
  (15, 8, 11, 3, (SELECT price FROM products WHERE id = 11), 3 * (SELECT price FROM products WHERE id = 11)),
  (16, 8, 49, 1, (SELECT price FROM products WHERE id = 49), 1 * (SELECT price FROM products WHERE id = 49)),
  (17, 9, 18, 3, (SELECT price FROM products WHERE id = 18), 3 * (SELECT price FROM products WHERE id = 18)),
  (18, 9, 14, 1, (SELECT price FROM products WHERE id = 14), 1 * (SELECT price FROM products WHERE id = 14)),
  (19, 10, 26, 1, (SELECT price FROM products WHERE id = 26), 1 * (SELECT price FROM products WHERE id = 26)),
  (20, 10, 39, 1, (SELECT price FROM products WHERE id = 39), 1 * (SELECT price FROM products WHERE id = 39));

-- ============================================================
-- Reset sequences to continue after hardcoded IDs
-- ============================================================
SELECT setval('categories_id_seq', (SELECT MAX(id) FROM categories));
SELECT setval('brands_id_seq', (SELECT MAX(id) FROM brands));
SELECT setval('products_id_seq', (SELECT MAX(id) FROM products));
SELECT setval('users_id_seq', (SELECT MAX(id) FROM users));
SELECT setval('interactions_id_seq', (SELECT MAX(id) FROM interactions));
SELECT setval('orders_id_seq', (SELECT MAX(id) FROM orders));
SELECT setval('order_items_id_seq', (SELECT MAX(id) FROM order_items));

COMMIT;
